{
    "providers": [
        {
            "type": "ttf",
            "file": "4jbattle:negative_spaces.ttf",
            "shift": [0.0, 0.0],
            "size": 10.0,
            "oversample": 1.0
        },
        {
            "type": "bitmap",
            "file": "4jbattle:loading/bar/text/terrain.png",
            "ascent": 3,
            "height": 7,
            "chars": [
                "\uF901"
            ]
        },
        {
            "type": "bitmap",
            "file": "4jbattle:loading/bar/text/resource.png",
            "ascent": 3,
            "height": 7,
            "chars": [
                "\uF902"
            ]
        }
    ]
}
