{
  "parent": "minecraft:item/generated",
  "textures": {
    "layer0": "minecraft:item/ghast_tear"
  },

  "overrides": [
    {"predicate": {"custom_model_data":1}, "model": "lem.base:empty"},
    {"predicate": {"custom_model_data":1000}, "model": "lem.menu:menu/theme/vanilla/button/standard/full/default"},
    {"predicate": {"custom_model_data":1001}, "model": "lem.menu:menu/theme/vanilla/button/single"},
    {"predicate": {"custom_model_data":1002}, "model": "lem.menu:menu/theme/vanilla/button/icon/leavegame"},
    {"predicate": {"custom_model_data":1003}, "model": "lem.menu:menu/theme/vanilla/button/standard/full/battle"},
    {"predicate": {"custom_model_data":1004}, "model": "lem.menu:menu/theme/vanilla/button/standard/full/tumble"},
    {"predicate": {"custom_model_data":1005}, "model": "lem.menu:menu/theme/vanilla/button/standard/full/glide"},
    {"predicate": {"custom_model_data":1006}, "model": "lem.menu:menu/theme/vanilla/button/standard/full/dark"},
    {"predicate": {"custom_model_data":1007}, "model": "lem.menu:menu/theme/vanilla/button/icon/leavegame_example"},
    {"predicate": {"custom_model_data":1008}, "model": "lem.menu:menu/theme/vanilla/button/tick_enabled"},
    {"predicate": {"custom_model_data":1009}, "model": "lem.menu:menu/theme/vanilla/button/tick_disabled"},
    {"predicate": {"custom_model_data":1010}, "model": "lem.menu:menu/theme/vanilla/button/tick_broken"},
    {"predicate": {"custom_model_data":1011}, "model": "lem.menu:menu/theme/vanilla/button/slider_background"},
    {"predicate": {"custom_model_data":1012}, "model": "lem.menu:menu/theme/vanilla/button/slider/1"},
    {"predicate": {"custom_model_data":1013}, "model": "lem.menu:menu/theme/vanilla/button/slider/2"},
    {"predicate": {"custom_model_data":1014}, "model": "lem.menu:menu/theme/vanilla/button/slider/3"},
    {"predicate": {"custom_model_data":1015}, "model": "lem.menu:menu/theme/vanilla/button/slider/4"},
    {"predicate": {"custom_model_data":1016}, "model": "lem.menu:menu/theme/vanilla/button/slider/5"},
    {"predicate": {"custom_model_data":1017}, "model": "lem.menu:menu/theme/vanilla/button/slider/6"},
    {"predicate": {"custom_model_data":1018}, "model": "lem.menu:menu/theme/vanilla/button/slider/7"},
    {"predicate": {"custom_model_data":1019}, "model": "lem.menu:menu/theme/vanilla/button/slider/8"},
    {"predicate": {"custom_model_data":1020}, "model": "lem.menu:menu/theme/vanilla/button/slider/9"},
    {"predicate": {"custom_model_data":1021}, "model": "lem.menu:menu/theme/vanilla/button/slider_broken"},
    {"predicate": {"custom_model_data":1022}, "model": "lem.menu:menu/theme/vanilla/error"},
    {"predicate": {"custom_model_data":1023}, "model": "lem.menu:menu/theme/vanilla/button/slider/10"},
    {"predicate": {"custom_model_data":1024}, "model": "lem.menu:menu/theme/vanilla/button/slider/11"},
    {"predicate": {"custom_model_data":1025}, "model": "lem.menu:menu/theme/vanilla/button/slider/12"},
    {"predicate": {"custom_model_data":1026}, "model": "lem.menu:menu/theme/vanilla/button/slider/13"},
    {"predicate": {"custom_model_data":1027}, "model": "lem.menu:menu/theme/vanilla/button/slider/14"},
    {"predicate": {"custom_model_data":1028}, "model": "lem.menu:menu/theme/vanilla/button/slider/15"},
    {"predicate": {"custom_model_data":1029}, "model": "lem.menu:menu/theme/vanilla/button/slider/16"},
    {"predicate": {"custom_model_data":1030}, "model": "lem.menu:menu/theme/vanilla/button/slider/17"},
    {"predicate": {"custom_model_data":1031}, "model": "lem.menu:menu/theme/vanilla/button/slider/18"},
    {"predicate": {"custom_model_data":1032}, "model": "lem.menu:menu/theme/vanilla/button/slider/19"},
    {"predicate": {"custom_model_data":1033}, "model": "lem.menu:menu/theme/vanilla/button/slider/20"},
    {"predicate": {"custom_model_data":1034}, "model": "lem.menu:menu/theme/vanilla/button/slider/21"},
    {"predicate": {"custom_model_data":1035}, "model": "lem.menu:menu/theme/vanilla/button/slider/22"},
    {"predicate": {"custom_model_data":1036}, "model": "lem.menu:menu/theme/vanilla/button/slider/23"},
    {"predicate": {"custom_model_data":1037}, "model": "lem.menu:menu/theme/vanilla/button/slider/24"},
    {"predicate": {"custom_model_data":1038}, "model": "lem.menu:menu/theme/vanilla/button/slider/25"},
    {"predicate": {"custom_model_data":1039}, "model": "lem.menu:menu/theme/vanilla/button/slider/26"},
    {"predicate": {"custom_model_data":1040}, "model": "lem.menu:menu/theme/vanilla/button/slider/27"},
    {"predicate": {"custom_model_data":1041}, "model": "lem.menu:menu/theme/vanilla/button/slider/28"},
    {"predicate": {"custom_model_data":1042}, "model": "lem.menu:menu/theme/vanilla/button/slider/29"},
    {"predicate": {"custom_model_data":1043}, "model": "lem.menu:menu/theme/vanilla/button/slider/30"},
    {"predicate": {"custom_model_data":1044}, "model": "lem.menu:menu/theme/vanilla/button/slider/31"},
    {"predicate": {"custom_model_data":1045}, "model": "lem.menu:menu/theme/vanilla/button/slider/32"},
    {"predicate": {"custom_model_data":1046}, "model": "lem.menu:menu/theme/vanilla/button/slider/33"},
    {"predicate": {"custom_model_data":1047}, "model": "lem.menu:menu/theme/vanilla/button/slider/34"},
    {"predicate": {"custom_model_data":1048}, "model": "lem.menu:menu/theme/vanilla/button/slider/35"},
    {"predicate": {"custom_model_data":1049}, "model": "lem.menu:menu/theme/vanilla/button/slider/36"},
    {"predicate": {"custom_model_data":1050}, "model": "lem.menu:menu/theme/vanilla/button/slider/37"},
    {"predicate": {"custom_model_data":1051}, "model": "lem.menu:menu/theme/vanilla/button/slider/38"},
    {"predicate": {"custom_model_data":1052}, "model": "lem.menu:menu/theme/vanilla/button/slider/39"},
    {"predicate": {"custom_model_data":1053}, "model": "lem.menu:menu/theme/vanilla/button/slider/40"},
    {"predicate": {"custom_model_data":1054}, "model": "lem.menu:menu/theme/vanilla/button/slider/41"},
    {"predicate": {"custom_model_data":1055}, "model": "lem.menu:menu/theme/vanilla/button/slider/42"},
    {"predicate": {"custom_model_data":1056}, "model": "lem.menu:menu/theme/vanilla/button/slider/43"},
    {"predicate": {"custom_model_data":1057}, "model": "lem.menu:menu/theme/vanilla/button/slider/44"},
    {"predicate": {"custom_model_data":1058}, "model": "lem.menu:menu/theme/vanilla/button/slider/45"},
    {"predicate": {"custom_model_data":1059}, "model": "lem.menu:menu/theme/vanilla/button/slider/46"},
    {"predicate": {"custom_model_data":1060}, "model": "lem.menu:menu/theme/vanilla/button/slider/47"},
    {"predicate": {"custom_model_data":1061}, "model": "lem.menu:menu/theme/vanilla/button/slider/48"},
    {"predicate": {"custom_model_data":1062}, "model": "lem.menu:menu/theme/vanilla/button/slider/49"},
    {"predicate": {"custom_model_data":1063}, "model": "lem.menu:menu/theme/vanilla/button/slider/50"},
    {"predicate": {"custom_model_data":1064}, "model": "lem.menu:menu/theme/vanilla/button/slider/51"},
    {"predicate": {"custom_model_data":1065}, "model": "lem.menu:menu/theme/vanilla/button/slider/52"},
    {"predicate": {"custom_model_data":1066}, "model": "lem.menu:menu/theme/vanilla/button/slider/53"},
    {"predicate": {"custom_model_data":1067}, "model": "lem.menu:menu/theme/vanilla/button/slider/54"},
    {"predicate": {"custom_model_data":1068}, "model": "lem.menu:menu/theme/vanilla/button/slider/55"},
    {"predicate": {"custom_model_data":1069}, "model": "lem.menu:menu/theme/vanilla/button/slider/56"},
    {"predicate": {"custom_model_data":1070}, "model": "lem.menu:menu/theme/vanilla/button/slider/57"},
    {"predicate": {"custom_model_data":1071}, "model": "lem.menu:menu/theme/vanilla/button/slider/58"},
    {"predicate": {"custom_model_data":1072}, "model": "lem.menu:menu/theme/vanilla/button/slider/59"},
    {"predicate": {"custom_model_data":1073}, "model": "lem.menu:menu/theme/vanilla/button/slider/60"},
    {"predicate": {"custom_model_data":1074}, "model": "lem.menu:menu/theme/vanilla/button/slider/61"},
    {"predicate": {"custom_model_data":1075}, "model": "lem.menu:menu/theme/vanilla/button/slider/62"},
    {"predicate": {"custom_model_data":1076}, "model": "lem.menu:menu/theme/vanilla/button/slider/63"},
    {"predicate": {"custom_model_data":1077}, "model": "lem.menu:menu/theme/vanilla/button/slider/64"},
    {"predicate": {"custom_model_data":1078}, "model": "lem.menu:menu/theme/vanilla/button/slider/65"},
    {"predicate": {"custom_model_data":1079}, "model": "lem.menu:menu/theme/vanilla/button/slider/66"},
    {"predicate": {"custom_model_data":1080}, "model": "lem.menu:menu/theme/vanilla/button/slider/67"},
    {"predicate": {"custom_model_data":1081}, "model": "lem.menu:menu/theme/vanilla/button/slider/68"},
    {"predicate": {"custom_model_data":1082}, "model": "lem.menu:menu/theme/vanilla/button/slider/69"},
    {"predicate": {"custom_model_data":1083}, "model": "lem.menu:menu/theme/vanilla/button/slider/70"},
    {"predicate": {"custom_model_data":1084}, "model": "lem.menu:menu/theme/vanilla/button/slider/71"},
    {"predicate": {"custom_model_data":1085}, "model": "lem.menu:menu/theme/vanilla/button/slider/72"},
    {"predicate": {"custom_model_data":1086}, "model": "lem.menu:menu/theme/vanilla/button/slider/73"},
    {"predicate": {"custom_model_data":1087}, "model": "lem.menu:menu/theme/vanilla/button/slider/74"},
    {"predicate": {"custom_model_data":1088}, "model": "lem.menu:menu/theme/vanilla/button/slider/75"},
    {"predicate": {"custom_model_data":1089}, "model": "lem.menu:menu/theme/vanilla/button/slider/76"},
    {"predicate": {"custom_model_data":1090}, "model": "lem.menu:menu/theme/vanilla/button/slider/77"},
    {"predicate": {"custom_model_data":1091}, "model": "lem.menu:menu/theme/vanilla/button/slider/78"},
    {"predicate": {"custom_model_data":1092}, "model": "lem.menu:menu/theme/vanilla/button/slider/79"},
    {"predicate": {"custom_model_data":1093}, "model": "lem.menu:menu/theme/vanilla/button/slider/80"},
    {"predicate": {"custom_model_data":1094}, "model": "lem.menu:menu/theme/vanilla/button/slider/81"},
    {"predicate": {"custom_model_data":1095}, "model": "lem.menu:menu/theme/vanilla/button/slider/82"},
    {"predicate": {"custom_model_data":1096}, "model": "lem.menu:menu/theme/vanilla/button/slider/83"},
    {"predicate": {"custom_model_data":1097}, "model": "lem.menu:menu/theme/vanilla/button/slider/84"},
    {"predicate": {"custom_model_data":1098}, "model": "lem.menu:menu/theme/vanilla/button/slider/85"},
    {"predicate": {"custom_model_data":1099}, "model": "lem.menu:menu/theme/vanilla/button/slider/86"},
    {"predicate": {"custom_model_data":1100}, "model": "lem.menu:menu/theme/vanilla/button/slider/87"},
    {"predicate": {"custom_model_data":1101}, "model": "lem.menu:menu/theme/vanilla/button/slider/88"},
    {"predicate": {"custom_model_data":1102}, "model": "lem.menu:menu/theme/vanilla/button/slider/89"},
    {"predicate": {"custom_model_data":1103}, "model": "lem.menu:menu/theme/vanilla/button/slider/90"},
    {"predicate": {"custom_model_data":1104}, "model": "lem.menu:menu/theme/vanilla/button/slider/91"},
    {"predicate": {"custom_model_data":1105}, "model": "lem.menu:menu/theme/vanilla/button/slider/92"},
    {"predicate": {"custom_model_data":1106}, "model": "lem.menu:menu/theme/vanilla/button/slider/93"},
    {"predicate": {"custom_model_data":1107}, "model": "lem.menu:menu/theme/vanilla/button/slider/94"},
    {"predicate": {"custom_model_data":1108}, "model": "lem.menu:menu/theme/vanilla/button/slider/95"},
    {"predicate": {"custom_model_data":1109}, "model": "lem.menu:menu/theme/vanilla/button/slider/96"},
    {"predicate": {"custom_model_data":1110}, "model": "lem.menu:menu/theme/vanilla/button/slider/97"},
    {"predicate": {"custom_model_data":1111}, "model": "lem.menu:menu/theme/vanilla/button/slider/98"},
    {"predicate": {"custom_model_data":1112}, "model": "lem.menu:menu/theme/vanilla/button/slider/99"},
    {"predicate": {"custom_model_data":1113}, "model": "lem.menu:menu/theme/vanilla/button/slider/100"},
    {"predicate": {"custom_model_data":1114}, "model": "lem.menu:menu/theme/vanilla/button/slider/101"},
    {"predicate": {"custom_model_data":1115}, "model": "lem.menu:menu/theme/vanilla/button/slider/102"},
    {"predicate": {"custom_model_data":1116}, "model": "lem.menu:menu/theme/vanilla/button/slider/103"},
    {"predicate": {"custom_model_data":1117}, "model": "lem.menu:menu/theme/vanilla/button/slider/104"},
    {"predicate": {"custom_model_data":1118}, "model": "lem.menu:menu/theme/vanilla/button/slider/105"},
    {"predicate": {"custom_model_data":1119}, "model": "lem.menu:menu/theme/vanilla/button/slider/106"},
    {"predicate": {"custom_model_data":1120}, "model": "lem.menu:menu/theme/vanilla/button/slider/107"},
    {"predicate": {"custom_model_data":1121}, "model": "lem.menu:menu/theme/vanilla/button/slider/108"},
    {"predicate": {"custom_model_data":1122}, "model": "lem.menu:menu/theme/vanilla/button/slider/109"},
    {"predicate": {"custom_model_data":1123}, "model": "lem.menu:menu/theme/vanilla/button/slider/110"},
    {"predicate": {"custom_model_data":1124}, "model": "lem.menu:menu/theme/vanilla/button/slider/111"},
    {"predicate": {"custom_model_data":1125}, "model": "lem.menu:menu/theme/vanilla/button/slider/112"},
    {"predicate": {"custom_model_data":1126}, "model": "lem.menu:menu/theme/vanilla/button/slider/113"},
    {"predicate": {"custom_model_data":1127}, "model": "lem.menu:menu/theme/vanilla/button/slider/114"},
    {"predicate": {"custom_model_data":1128}, "model": "lem.menu:menu/theme/vanilla/button/slider/115"},
    {"predicate": {"custom_model_data":1129}, "model": "lem.menu:menu/theme/vanilla/button/slider/116"},
    {"predicate": {"custom_model_data":1130}, "model": "lem.menu:menu/theme/vanilla/button/slider/117"},
    {"predicate": {"custom_model_data":1131}, "model": "lem.menu:menu/theme/vanilla/button/slider/118"},
    {"predicate": {"custom_model_data":1132}, "model": "lem.menu:menu/theme/vanilla/button/slider/119"},
    {"predicate": {"custom_model_data":1133}, "model": "lem.menu:menu/theme/vanilla/button/slider/120"},
    {"predicate": {"custom_model_data":1134}, "model": "lem.menu:menu/theme/vanilla/button/slider/121"},
    {"predicate": {"custom_model_data":1135}, "model": "lem.menu:menu/theme/vanilla/button/slider/122"},
    {"predicate": {"custom_model_data":1136}, "model": "lem.menu:menu/theme/vanilla/button/slider/123"},
    {"predicate": {"custom_model_data":1137}, "model": "lem.menu:menu/theme/vanilla/button/slider/124"},
    {"predicate": {"custom_model_data":1138}, "model": "lem.menu:menu/theme/vanilla/button/slider/125"},
    {"predicate": {"custom_model_data":1139}, "model": "lem.menu:menu/theme/vanilla/button/slider/126"},
    {"predicate": {"custom_model_data":1140}, "model": "lem.menu:menu/theme/vanilla/button/slider/127"},
    {"predicate": {"custom_model_data":1141}, "model": "lem.menu:menu/theme/vanilla/button/slider/128"},
    {"predicate": {"custom_model_data":1142}, "model": "lem.menu:menu/theme/vanilla/button/slider/129"},
    {"predicate": {"custom_model_data":1143}, "model": "lem.menu:menu/theme/vanilla/button/slider/130"},
    {"predicate": {"custom_model_data":1144}, "model": "lem.menu:menu/theme/vanilla/button/slider/131"},
    {"predicate": {"custom_model_data":1145}, "model": "lem.menu:menu/theme/vanilla/button/slider/132"},
    {"predicate": {"custom_model_data":1146}, "model": "lem.menu:menu/theme/vanilla/button/slider/133"},
    {"predicate": {"custom_model_data":1147}, "model": "lem.menu:menu/theme/vanilla/button/slider/134"},
    {"predicate": {"custom_model_data":1148}, "model": "lem.menu:menu/theme/vanilla/button/slider/135"},
    {"predicate": {"custom_model_data":1149}, "model": "lem.menu:menu/theme/vanilla/button/slider/136"},
    {"predicate": {"custom_model_data":1150}, "model": "lem.menu:menu/theme/vanilla/button/slider/137"},
    {"predicate": {"custom_model_data":1151}, "model": "lem.menu:menu/theme/vanilla/button/slider/138"},
    {"predicate": {"custom_model_data":1152}, "model": "lem.menu:menu/theme/vanilla/button/slider/139"},
    {"predicate": {"custom_model_data":1153}, "model": "lem.menu:menu/theme/vanilla/button/slider/140"},
    {"predicate": {"custom_model_data":1154}, "model": "lem.menu:menu/theme/vanilla/button/slider/141"},
    {"predicate": {"custom_model_data":1155}, "model": "lem.menu:menu/theme/vanilla/button/slider/142"},
    {"predicate": {"custom_model_data":1156}, "model": "lem.menu:menu/theme/vanilla/button/slider/143"},
    {"predicate": {"custom_model_data":1157}, "model": "lem.menu:menu/theme/vanilla/button/slider/144"},
    {"predicate": {"custom_model_data":1158}, "model": "lem.menu:menu/theme/vanilla/button/slider/145"},
    {"predicate": {"custom_model_data":1159}, "model": "lem.menu:menu/theme/vanilla/button/slider/146"},
    {"predicate": {"custom_model_data":1160}, "model": "lem.menu:menu/theme/vanilla/button/slider/147"},
    {"predicate": {"custom_model_data":1161}, "model": "lem.menu:menu/theme/vanilla/button/slider/148"},
    {"predicate": {"custom_model_data":1162}, "model": "lem.menu:menu/theme/vanilla/button/slider/149"},
    {"predicate": {"custom_model_data":1163}, "model": "lem.menu:menu/theme/vanilla/button/slider/150"},
    {"predicate": {"custom_model_data":1164}, "model": "lem.menu:menu/theme/vanilla/button/slider/151"},
    {"predicate": {"custom_model_data":1165}, "model": "lem.menu:menu/theme/vanilla/button/standard/half/left/default"},
    {"predicate": {"custom_model_data":1166}, "model": "lem.menu:menu/theme/vanilla/button/standard/half/left/dark"},
    {"predicate": {"custom_model_data":1167}, "model": "lem.menu:menu/theme/vanilla/button/standard/half/right/default"},
    {"predicate": {"custom_model_data":1168}, "model": "lem.menu:menu/theme/vanilla/button/standard/half/right/dark"},
    {"predicate": {"custom_model_data":1169}, "model": "lem.menu:menu/theme/vanilla/button/standard/half/left/default_up"},
    {"predicate": {"custom_model_data":1170}, "model": "lem.menu:menu/theme/vanilla/button/standard/half/left/default_down"},
    {"predicate": {"custom_model_data":1171}, "model": "lem.menu:menu/theme/vanilla/button/standard/half/left/dark_up"},
    {"predicate": {"custom_model_data":1172}, "model": "lem.menu:menu/theme/vanilla/button/standard/half/left/dark_down"},
    {"predicate": {"custom_model_data":1173}, "model": "lem.menu:menu/theme/vanilla/button/standard/half/right/default_up"},
    {"predicate": {"custom_model_data":1174}, "model": "lem.menu:menu/theme/vanilla/button/standard/half/right/default_down"},
    {"predicate": {"custom_model_data":1175}, "model": "lem.menu:menu/theme/vanilla/button/standard/half/right/dark_up"},
    {"predicate": {"custom_model_data":1176}, "model": "lem.menu:menu/theme/vanilla/button/standard/half/right/dark_down"}
  ]
}
