{
  "parent": "item/handheld",
  "textures": {
    "layer0": "item/ghast_tear"
  },

  "overrides": [
    {"predicate": {"custom_model_data":0}, "model": "item/lem.base/empty"},
    {"predicate": {"custom_model_data":1000}, "model": "item/lem.menu/theme/vanilla/button/standard"},
    {"predicate": {"custom_model_data":1001}, "model": "item/lem.menu/theme/vanilla/button/single"},
    {"predicate": {"custom_model_data":1002}, "model": "item/lem.menu/theme/vanilla/button/icon/leavegame"},
    {"predicate": {"custom_model_data":1003}, "model": "item/lem.menu/theme/vanilla/button/standard_battle"},
    {"predicate": {"custom_model_data":1004}, "model": "item/lem.menu/theme/vanilla/button/standard_tumble"},
    {"predicate": {"custom_model_data":1005}, "model": "item/lem.menu/theme/vanilla/button/standard_glide"},
    {"predicate": {"custom_model_data":1006}, "model": "item/lem.menu/theme/vanilla/button/standard_dark"},
    {"predicate": {"custom_model_data":1007}, "model": "item/lem.menu/theme/vanilla/button/icon/leavegame_example"},
    {"predicate": {"custom_model_data":10000}, "model": "item/lem.menu/text/en_us/ok"},
    {"predicate": {"custom_model_data":10001}, "model": "item/lem.menu/text/en_us/battle"},
    {"predicate": {"custom_model_data":10002}, "model": "item/lem.menu/text/en_us/tumble"},
    {"predicate": {"custom_model_data":10003}, "model": "item/lem.menu/text/en_us/glide"},
    {"predicate": {"custom_model_data":10004}, "model": "item/lem.menu/text/en_us/server_1"},
    {"predicate": {"custom_model_data":10005}, "model": "item/lem.menu/text/en_us/server_2"},
    {"predicate": {"custom_model_data":10006}, "model": "item/lem.menu/text/en_us/server_3"},
    {"predicate": {"custom_model_data":10007}, "model": "item/lem.menu/text/en_us/server_experimental"},
    {"predicate": {"custom_model_data":10008}, "model": "item/lem.menu/text/en_us/server_germany"},
    {"predicate": {"custom_model_data":10009}, "model": "item/lem.menu/text/en_us/go_back"},
    {"predicate": {"custom_model_data":10010}, "model": "item/lem.menu/text/en_us/play_mini_games"},
    {"predicate": {"custom_model_data":10011}, "model": "item/lem.menu/text/en_us/help_and_options"},
    {"predicate": {"custom_model_data":10012}, "model": "item/lem.menu/text/en_us/exit_server"},
    {"predicate": {"custom_model_data":10013}, "model": "item/lem.menu/text/en_us/cancel"},
    {"predicate": {"custom_model_data":10014}, "model": "item/lem.menu/text/en_us/how_to_play"},
    {"predicate": {"custom_model_data":10015}, "model": "item/lem.menu/text/en_us/controls"},
    {"predicate": {"custom_model_data":10016}, "model": "item/lem.menu/text/en_us/settings"},
    {"predicate": {"custom_model_data":10017}, "model": "item/lem.menu/text/en_us/credits"},
    {"predicate": {"custom_model_data":10018}, "model": "item/lem.menu/text/en_us/panorama_settings"},
    {"predicate": {"custom_model_data":10019}, "model": "item/lem.menu/text/en_us/pack_settings"},
    {"predicate": {"custom_model_data":10020}, "model": "item/lem.menu/text/en_us/debug"},
    {"predicate": {"custom_model_data":10021}, "model": "item/lem.menu/text/en_us/force_exit_menu"},
    {"predicate": {"custom_model_data":10022}, "model": "item/lem.menu/text/en_us/reload_datapack"},
    {"predicate": {"custom_model_data":10023}, "model": "item/lem.menu/text/en_us/reload_resources"},
    {"predicate": {"custom_model_data":10024}, "model": "item/lem.menu/text/en_us/ui_settings"},
    {"predicate": {"custom_model_data":10025}, "model": "item/lem.menu/text/en_us/optifine_pack"},
    {"predicate": {"custom_model_data":10026}, "model": "item/lem.menu/text/en_us/optifine_is_not_installed"},
    {"predicate": {"custom_model_data":10027}, "model": "item/lem.menu/text/en_us/optifine_is_installed"},
    {"predicate": {"custom_model_data":10028}, "model": "item/lem.menu/text/en_us/scale_settings"},
    {"predicate": {"custom_model_data":10029}, "model": "item/lem.menu/text/en_us/user_settings"},
    {"predicate": {"custom_model_data":10030}, "model": "item/lem.menu/text/en_us/panorama_scale"},
    {"predicate": {"custom_model_data":10031}, "model": "item/lem.menu/text/en_us/ui_scale"},
    {"predicate": {"custom_model_data":10032}, "model": "item/lem.menu/text/en_us/scale_1"},
    {"predicate": {"custom_model_data":10033}, "model": "item/lem.menu/text/en_us/scale_2"},
    {"predicate": {"custom_model_data":10034}, "model": "item/lem.menu/text/en_us/scale_3"},
    {"predicate": {"custom_model_data":10035}, "model": "item/lem.menu/text/en_us/scale_4"},
    {"predicate": {"custom_model_data":10036}, "model": "item/lem.menu/text/en_us/done"},
    {"predicate": {"custom_model_data":10037}, "model": "item/lem.menu/text/en_us/select_background"},
    {"predicate": {"custom_model_data":10038}, "model": "item/lem.menu/text/en_us/toggle_time"},
    {"predicate": {"custom_model_data":10039}, "model": "item/lem.menu/text/en_us/next_page"},
    {"predicate": {"custom_model_data":10040}, "model": "item/lem.menu/text/en_us/tu1"},
    {"predicate": {"custom_model_data":10041}, "model": "item/lem.menu/text/en_us/tu5"},
    {"predicate": {"custom_model_data":10042}, "model": "item/lem.menu/text/en_us/tu9"},
    {"predicate": {"custom_model_data":10043}, "model": "item/lem.menu/text/en_us/tu14"},
    {"predicate": {"custom_model_data":10044}, "model": "item/lem.menu/text/en_us/tu19"},
    {"predicate": {"custom_model_data":10045}, "model": "item/lem.menu/text/en_us/tu31"},
    {"predicate": {"custom_model_data":10046}, "model": "item/lem.menu/text/en_us/tu46"},
    {"predicate": {"custom_model_data":10047}, "model": "item/lem.menu/text/en_us/tu69"},
    {"predicate": {"custom_model_data":10048}, "model": "item/lem.menu/text/en_us/reload_music"},
    {"predicate": {"custom_model_data":10049}, "model": "item/lem.menu/text/en_us/continue"},
    {"predicate": {"custom_model_data":10050}, "model": "item/lem.menu/text/en_us/server_main"},
    {"predicate": {"custom_model_data":10051}, "model": "item/lem.menu/text/en_us/server_main_alternate"}
  ]
}
