{
  "music.vanilla.1": {
    "category": "master",
    "sounds": [
      "4jbattle/music/vanilla1"
    ]
  },
  "music.vanilla.2": {
    "category": "master",
    "sounds": [
      "4jbattle/music/vanilla2"
    ]
  },
  "music.vanilla.3": {
    "category": "master",
    "sounds": [
      "4jbattle/music/vanilla3"
    ]
  },
  "music.vanilla.4": {
    "category": "master",
    "sounds": [
      "4jbattle/music/vanilla4"
    ]
  },
  "music.menu.1": {
    "category": "master",
    "sounds": [
      "4jbattle/music/menu/menu1"
    ]
  },
  "music.menu.2": {
    "category": "master",
    "sounds": [
      "4jbattle/music/menu/menu2"
    ]
  },
  "music.menu.3": {
    "category": "master",
    "sounds": [
      "4jbattle/music/menu/menu3"
    ]
  },
  "music.menu.4": {
    "category": "master",
    "sounds": [
      "4jbattle/music/menu/menu4"
    ]
  },
  "music.fantasy.1": {
    "category": "master",
    "sounds": [
      "4jbattle/music/fantasy1"
    ]
  },
  "music.fantasy.2": {
    "category": "master",
    "sounds": [
      "4jbattle/music/fantasy2"
    ]
  },
  "music.fantasy.3": {
    "category": "master",
    "sounds": [
      "4jbattle/music/fantasy3"
    ]
  },
  "music.greek.1": {
    "category": "master",
    "sounds": [
      "4jbattle/music/greek1"
    ]
  },
  "music.greek.2": {
    "category": "master",
    "sounds": [
      "4jbattle/music/greek2"
    ]
  },
  "music.greek.3": {
    "category": "master",
    "sounds": [
      "4jbattle/music/greek3"
    ]
  },
  "music.city.1": {
    "category": "master",
    "sounds": [
      "4jbattle/music/city1"
    ]
  },
  "music.city.2": {
    "category": "master",
    "sounds": [
      "4jbattle/music/city2"
    ]
  },
  "music.city.3": {
    "category": "master",
    "sounds": [
      "4jbattle/music/city3"
    ]
  },
  "music.city.4": {
    "category": "master",
    "sounds": [
      "4jbattle/music/city4"
    ]
  },
  "music.city.5": {
    "category": "master",
    "sounds": [
      "4jbattle/music/city5"
    ]
  },
  "music.frontier.1": {
    "category": "master",
    "sounds": [
      "4jbattle/music/frontier1"
    ]
  },
  "music.frontier.2": {
    "category": "master",
    "sounds": [
      "4jbattle/music/frontier2"
    ]
  },
  "music.frontier.3": {
    "category": "master",
    "sounds": [
      "4jbattle/music/frontier3"
    ]
  },
  "music.shrunk.1": {
    "category": "master",
    "sounds": [
      "4jbattle/music/shrunk1"
    ]
  },
  "music.shrunk.2": {
    "category": "master",
    "sounds": [
      "4jbattle/music/shrunk2"
    ]
  },
  "music.shrunk.3": {
    "category": "master",
    "sounds": [
      "4jbattle/music/shrunk3"
    ]
  },
  "music.steampunk.1": {
    "category": "master",
    "sounds": [
      "4jbattle/music/steampunk1"
    ]
  },
  "music.steampunk.2": {
    "category": "master",
    "sounds": [
      "4jbattle/music/steampunk2"
    ]
  },
  "music.steampunk.3": {
    "category": "master",
    "sounds": [
      "4jbattle/music/steampunk3"
    ]
  },
  "music.steampunk.4": {
    "category": "master",
    "sounds": [
      "4jbattle/music/steampunk4"
    ]
  },
  "music.chinese.1": {
    "category": "master",
    "sounds": [
      "4jbattle/music/chinese1"
    ]
  },
  "music.chinese.2": {
    "category": "master",
    "sounds": [
      "4jbattle/music/chinese2"
    ]
  },
  "music.chinese.3": {
    "category": "master",
    "sounds": [
      "4jbattle/music/chinese3"
    ]
  },
  "music.chinese.4": {
    "category": "master",
    "sounds": [
      "4jbattle/music/chinese4"
    ]
  },
  "music.halloween.1": {
    "category": "master",
    "sounds": [
      "4jbattle/music/halloween1"
    ]
  },
  "music.halloween.2": {
    "category": "master",
    "sounds": [
      "4jbattle/music/halloween2"
    ]
  },
  "music.halloween.3": {
    "category": "master",
    "sounds": [
      "4jbattle/music/halloween3"
    ]
  },
  "music.festive.1": {
    "category": "master",
    "sounds": [
      "4jbattle/music/festive1"
    ]
  },
  "music.festive.2": {
    "category": "master",
    "sounds": [
      "4jbattle/music/festive2"
    ]
  },
  "music.festive.3": {
    "category": "master",
    "sounds": [
      "4jbattle/music/festive3"
    ]
  },
  "music.fallout.1": {
    "category": "master",
    "sounds": [
      "4jbattle/music/fallout1"
    ]
  },
  "music.fallout.2": {
    "category": "master",
    "sounds": [
      "4jbattle/music/fallout2"
    ]
  },
  "music.fallout.3": {
    "category": "master",
    "sounds": [
      "4jbattle/music/fallout3"
    ]
  },
  "music.fallout.4": {
    "category": "master",
    "sounds": [
      "4jbattle/music/fallout4"
    ]
  },
  "music.fallout.5": {
    "category": "master",
    "sounds": [
      "4jbattle/music/fallout5"
    ]
  },
  "music.fallout.6": {
    "category": "master",
    "sounds": [
      "4jbattle/music/fallout6"
    ]
  },
  "music.fallout.7": {
    "category": "master",
    "sounds": [
      "4jbattle/music/fallout7"
    ]
  },
  "music.fallout.8": {
    "category": "master",
    "sounds": [
      "4jbattle/music/fallout8"
    ]
  },
  "music.fallout.9": {
    "category": "master",
    "sounds": [
      "4jbattle/music/fallout9"
    ]
  },
  "music.fallout.10": {
    "category": "master",
    "sounds": [
      "4jbattle/music/fallout10"
    ]
  },
  "music.fallout.11": {
    "category": "master",
    "sounds": [
      "4jbattle/music/fallout11"
    ]
  },
  "music.fallout.12": {
    "category": "master",
    "sounds": [
      "4jbattle/music/fallout12"
    ]
  },
  "music.fallout.13": {
    "category": "master",
    "sounds": [
      "4jbattle/music/fallout13"
    ]
  },
  "music.fallout.14": {
    "category": "master",
    "sounds": [
      "4jbattle/music/fallout14"
    ]
  },
  "music.fallout.15": {
    "category": "master",
    "sounds": [
      "4jbattle/music/fallout15"
    ]
  },
  "music.fallout.16": {
    "category": "master",
    "sounds": [
      "4jbattle/music/fallout16"
    ]
  },
  "music.fallout.17": {
    "category": "master",
    "sounds": [
      "4jbattle/music/fallout17"
    ]
  },
  "music.fallout.18": {
    "category": "master",
    "sounds": [
      "4jbattle/music/fallout18"
    ]
  },
  "music.fallout.19": {
    "category": "master",
    "sounds": [
      "4jbattle/music/fallout19"
    ]
  },
  "music.fallout.20": {
    "category": "master",
    "sounds": [
      "4jbattle/music/fallout20"
    ]
  },
  "music.fallout.21": {
    "category": "master",
    "sounds": [
      "4jbattle/music/fallout21"
    ]
  },
  "music.fallout.22": {
    "category": "master",
    "sounds": [
      "4jbattle/music/fallout22"
    ]
  },
  "sound.lobby.count1": {
    "category": "master",
    "sounds": [
      "4jbattle/sounds/lobby/count1"
    ]
  },
  "sound.lobby.count2": {
    "category": "master",
    "sounds": [
      "4jbattle/sounds/lobby/count2"
    ]
  },
  "sound.lobby.count3": {
    "category": "master",
    "sounds": [
      "4jbattle/sounds/lobby/count3"
    ]
  },
  "sound.game.count1": {
    "category": "master",
    "sounds": [
      "4jbattle/sounds/game/count1"
    ]
  },
  "sound.game.count2": {
    "category": "master",
    "sounds": [
      "4jbattle/sounds/game/count2"
    ]
  },
  "sound.game.count3": {
    "category": "master",
    "sounds": [
      "4jbattle/sounds/game/count3"
    ]
  },
  "sound.game.count4": {
    "category": "master",
    "sounds": [
      "4jbattle/sounds/game/count4"
    ]
  },
  "sound.game.die": {
    "category": "master",
    "sounds": [
      "4jbattle/sounds/game/die1",
      "4jbattle/sounds/game/die2"
    ]
  },
  "sound.game.refill": {
    "category": "master",
    "sounds": [
      "4jbattle/sounds/game/refill1",
      "4jbattle/sounds/game/refill2"
    ]
  },
  "sound.game.showdown": {
    "category": "master",
    "sounds": [
      "4jbattle/sounds/game/showdown"
    ]
  },
  "sound.game.end": {
    "category": "master",
    "sounds": [
      "4jbattle/sounds/game/end"
    ]
  },
  "sound.game.win": {
    "category": "master",
    "sounds": [
      "4jbattle/sounds/game/win"
    ]
  }
}
