{
    "providers": [
        {
            "type": "ttf",
            "file": "4jbattle:negative_spaces.ttf",
            "shift": [0.0, 0.0],
            "size": 10.0,
            "oversample": 1.0
        },
        {
            "type": "bitmap",
            "file": "4jbattle:banner.png",
            "ascent": 0,
            "height": 120,
            "chars": [
                "1"
            ]
        },
        {
            "type": "bitmap",
            "file": "4jbattle:banner_textbox.png",
            "ascent": -24,
            "height": 30,
            "chars": [
                "2"
            ]
        },
        {
            "type": "bitmap",
            "file": "4jbattle:banner_showdown.png",
            "ascent": -24,
            "height": 30,
            "chars": [
                "3"
            ]
        },
        {
            "type": "bitmap",
            "file": "4jbattle:playerbar/blue.png",
            "ascent": -36,
            "height": 5,
            "chars": [
                "4"
            ]
        },
        {
            "type": "bitmap",
            "file": "4jbattle:playerbar/pink.png",
            "ascent": -36,
            "height": 5,
            "chars": [
                "5"
            ]
        },
        {
            "type": "bitmap",
            "file": "4jbattle:playerbar/orange.png",
            "ascent": -36,
            "height": 5,
            "chars": [
                "6"
            ]
        },
        {
            "type": "bitmap",
            "file": "4jbattle:playerbar/yellow.png",
            "ascent": -36,
            "height": 5,
            "chars": [
                "7"
            ]
        },
        {
            "type": "bitmap",
            "file": "4jbattle:playerbar/aqua.png",
            "ascent": -36,
            "height": 5,
            "chars": [
                "8"
            ]
        },
        {
            "type": "bitmap",
            "file": "4jbattle:playerbar/empty.png",
            "ascent": -36,
            "height": 5,
            "chars": [
                "0"
            ]
        }
    ]
}
