{
  "music.vanilla.1": {
    "category": "master",
    "sounds": [
      "4jbattle/music/vanilla1"
    ]
  },
  "music.vanilla.2": {
    "category": "master",
    "sounds": [
      "4jbattle/music/vanilla2"
    ]
  },
  "music.vanilla.3": {
    "category": "master",
    "sounds": [
      "4jbattle/music/vanilla3"
    ]
  },
  "music.vanilla.4": {
    "category": "master",
    "sounds": [
      "4jbattle/music/vanilla4"
    ]
  },
  "music.frontier.1": {
    "category": "master",
    "sounds": [
      "4jbattle/music/frontier1"
    ]
  },
  "music.frontier.2": {
    "category": "master",
    "sounds": [
      "4jbattle/music/frontier2"
    ]
  },
  "music.frontier.3": {
    "category": "master",
    "sounds": [
      "4jbattle/music/frontier3"
    ]
  },
  "sound.lobby.count1": {
    "category": "master",
    "sounds": [
      "4jbattle/sounds/lobby/count1"
    ]
  },
  "sound.lobby.count2": {
    "category": "master",
    "sounds": [
      "4jbattle/sounds/lobby/count2"
    ]
  },
  "sound.lobby.count3": {
    "category": "master",
    "sounds": [
      "4jbattle/sounds/lobby/count3"
    ]
  },
  "sound.game.count1": {
    "category": "master",
    "sounds": [
      "4jbattle/sounds/game/count1"
    ]
  },
  "sound.game.count2": {
    "category": "master",
    "sounds": [
      "4jbattle/sounds/game/count2"
    ]
  },
  "sound.game.count3": {
    "category": "master",
    "sounds": [
      "4jbattle/sounds/game/count3"
    ]
  },
  "sound.game.count4": {
    "category": "master",
    "sounds": [
      "4jbattle/sounds/game/count4"
    ]
  },
  "sound.game.die": {
    "category": "master",
    "sounds": [
      "4jbattle/sounds/game/die1",
      "4jbattle/sounds/game/die2"
    ]
  },
  "sound.game.refill": {
    "category": "master",
    "sounds": [
      "4jbattle/sounds/game/refill1",
      "4jbattle/sounds/game/refill2"
    ]
  },
  "sound.game.showdown": {
    "category": "master",
    "sounds": [
      "4jbattle/sounds/game/showdown"
    ]
  },
  "sound.game.end": {
    "category": "master",
    "sounds": [
      "4jbattle/sounds/game/end"
    ]
  },
  "sound.game.win": {
    "category": "master",
    "sounds": [
      "4jbattle/sounds/game/win"
    ]
  }
}
