{"providers":[{"type":"bitmap","file":"lem.base:loading/animation/1.png","ascent":7,"height":7,"chars":[""]},{"type":"bitmap","file":"lem.base:loading/animation/2.png","ascent":7,"height":7,"chars":[""]},{"type":"bitmap","file":"lem.base:loading/animation/3.png","ascent":7,"height":7,"chars":[""]},{"type":"bitmap","file":"lem.base:loading/animation/4.png","ascent":7,"height":7,"chars":[""]},{"type":"bitmap","file":"lem.base:loading/animation/5.png","ascent":7,"height":7,"chars":[""]},{"type":"bitmap","file":"lem.base:loading/animation/6.png","ascent":7,"height":7,"chars":[""]},{"type":"bitmap","file":"lem.base:loading/animation/7.png","ascent":7,"height":7,"chars":[""]},{"type":"bitmap","file":"lem.base:loading/animation/8.png","ascent":7,"height":7,"chars":[""]},{"type":"bitmap","file":"lem.base:loading/animation/9.png","ascent":7,"height":7,"chars":[""]},{"type":"bitmap","file":"lem.base:loading/animation/10.png","ascent":7,"height":7,"chars":[""]},{"type":"bitmap","file":"lem.base:loading/animation/11.png","ascent":7,"height":7,"chars":[""]},{"type":"bitmap","file":"lem.base:loading/animation/12.png","ascent":7,"height":7,"chars":[""]},{"type":"bitmap","file":"lem.base:loading/animation/13.png","ascent":7,"height":7,"chars":[""]},{"type":"bitmap","file":"lem.base:loading/animation/14.png","ascent":7,"height":7,"chars":[""]},{"type":"bitmap","file":"lem.base:loading/animation/15.png","ascent":7,"height":7,"chars":[""]},{"type":"bitmap","file":"lem.base:loading/animation/16.png","ascent":7,"height":7,"chars":[""]},{"type":"bitmap","file":"lem.base:loading/animation/17.png","ascent":7,"height":7,"chars":[""]},{"type":"bitmap","file":"lem.base:loading/animation/18.png","ascent":7,"height":7,"chars":[""]},{"type":"bitmap","file":"lem.base:loading/animation/19.png","ascent":7,"height":7,"chars":[""]},{"type":"bitmap","file":"lem.base:loading/animation/20.png","ascent":7,"height":7,"chars":[""]},{"type":"bitmap","file":"lem.base:loading/animation/21.png","ascent":7,"height":7,"chars":[""]},{"type":"bitmap","file":"lem.base:loading/animation/22.png","ascent":7,"height":7,"chars":[""]},{"type":"bitmap","file":"lem.base:loading/animation/23.png","ascent":7,"height":7,"chars":[""]},{"type":"bitmap","file":"lem.base:loading/animation/24.png","ascent":7,"height":7,"chars":[""]},{"type":"bitmap","file":"lem.base:loading/animation/25.png","ascent":7,"height":7,"chars":[""]},{"type":"bitmap","file":"lem.base:loading/animation/26.png","ascent":7,"height":7,"chars":[""]},{"type":"bitmap","file":"lem.base:loading/animation/27.png","ascent":7,"height":7,"chars":[""]},{"type":"bitmap","file":"lem.base:loading/animation/28.png","ascent":7,"height":7,"chars":[""]},{"type":"bitmap","file":"lem.base:loading/animation/29.png","ascent":7,"height":7,"chars":[""]},{"type":"bitmap","file":"lem.base:loading/animation/30.png","ascent":7,"height":7,"chars":[""]},{"type":"bitmap","file":"lem.base:loading/animation/31.png","ascent":7,"height":7,"chars":[""]},{"type":"bitmap","file":"lem.base:loading/animation/32.png","ascent":7,"height":7,"chars":[""]},{"type":"bitmap","file":"lem.base:loading/animation/33.png","ascent":7,"height":7,"chars":[""]},{"type":"bitmap","file":"lem.base:loading/animation/34.png","ascent":7,"height":7,"chars":[""]},{"type":"bitmap","file":"lem.base:loading/animation/35.png","ascent":7,"height":7,"chars":[""]},{"type":"bitmap","file":"lem.base:loading/animation/36.png","ascent":7,"height":7,"chars":[""]},{"type":"bitmap","file":"lem.base:loading/animation/37.png","ascent":7,"height":7,"chars":[""]},{"type":"bitmap","file":"lem.base:loading/animation/38.png","ascent":7,"height":7,"chars":[""]},{"type":"bitmap","file":"lem.base:loading/animation/39.png","ascent":7,"height":7,"chars":[""]},{"type":"bitmap","file":"lem.base:loading/animation/40.png","ascent":7,"height":7,"chars":[""]},{"type":"bitmap","file":"lem.base:loading/animation/41.png","ascent":7,"height":7,"chars":[""]},{"type":"bitmap","file":"lem.base:loading/animation/42.png","ascent":7,"height":7,"chars":[""]},{"type":"bitmap","file":"lem.base:loading/animation/43.png","ascent":7,"height":7,"chars":[""]},{"type":"bitmap","file":"lem.base:loading/animation/44.png","ascent":7,"height":7,"chars":[""]},{"type":"bitmap","file":"lem.base:loading/animation/45.png","ascent":7,"height":7,"chars":[""]},{"type":"bitmap","file":"lem.base:loading/animation/46.png","ascent":7,"height":7,"chars":[""]},{"type":"bitmap","file":"lem.base:loading/animation/47.png","ascent":7,"height":7,"chars":[""]},{"type":"bitmap","file":"lem.base:loading/animation/48.png","ascent":7,"height":7,"chars":[""]},{"type":"bitmap","file":"lem.base:loading/animation/49.png","ascent":7,"height":7,"chars":[""]},{"type":"bitmap","file":"lem.base:loading/animation/50.png","ascent":7,"height":7,"chars":[""]},{"type":"bitmap","file":"lem.base:loading/animation/51.png","ascent":7,"height":7,"chars":[""]},{"type":"bitmap","file":"lem.base:loading/animation/52.png","ascent":7,"height":7,"chars":[""]},{"type":"bitmap","file":"lem.base:loading/animation/53.png","ascent":7,"height":7,"chars":[""]},{"type":"bitmap","file":"lem.base:loading/animation/54.png","ascent":7,"height":7,"chars":[""]},{"type":"bitmap","file":"lem.base:loading/animation/55.png","ascent":7,"height":7,"chars":[""]},{"type":"bitmap","file":"lem.base:loading/animation/56.png","ascent":7,"height":7,"chars":[""]},{"type":"bitmap","file":"lem.base:loading/animation/57.png","ascent":7,"height":7,"chars":[""]},{"type":"bitmap","file":"lem.base:loading/animation/58.png","ascent":7,"height":7,"chars":[""]},{"type":"bitmap","file":"lem.base:loading/animation/59.png","ascent":7,"height":7,"chars":[""]},{"type":"bitmap","file":"lem.base:loading/animation/60.png","ascent":7,"height":7,"chars":[""]},{"type":"bitmap","file":"lem.base:loading/animation/61.png","ascent":7,"height":7,"chars":[""]},{"type":"bitmap","file":"lem.base:loading/animation/62.png","ascent":7,"height":7,"chars":[""]},{"type":"bitmap","file":"lem.base:loading/animation/63.png","ascent":7,"height":7,"chars":[""]},{"type":"bitmap","file":"lem.base:loading/animation/64.png","ascent":7,"height":7,"chars":[""]},{"type":"bitmap","file":"lem.base:loading/animation/65.png","ascent":7,"height":7,"chars":[""]},{"type":"bitmap","file":"lem.base:loading/animation/66.png","ascent":7,"height":7,"chars":[""]},{"type":"bitmap","file":"lem.base:loading/animation/67.png","ascent":7,"height":7,"chars":[""]},{"type":"bitmap","file":"lem.base:loading/animation/68.png","ascent":7,"height":7,"chars":[""]},{"type":"bitmap","file":"lem.base:loading/animation/69.png","ascent":7,"height":7,"chars":[""]},{"type":"bitmap","file":"lem.base:loading/animation/70.png","ascent":7,"height":7,"chars":[""]},{"type":"bitmap","file":"lem.base:loading/animation/71.png","ascent":7,"height":7,"chars":[""]},{"type":"bitmap","file":"lem.base:loading/animation/72.png","ascent":7,"height":7,"chars":[""]},{"type":"bitmap","file":"lem.base:loading/animation/73.png","ascent":7,"height":7,"chars":[""]},{"type":"bitmap","file":"lem.base:loading/animation/74.png","ascent":7,"height":7,"chars":[""]},{"type":"bitmap","file":"lem.base:loading/animation/75.png","ascent":7,"height":7,"chars":[""]},{"type":"bitmap","file":"lem.base:loading/animation/76.png","ascent":7,"height":7,"chars":[""]},{"type":"bitmap","file":"lem.base:loading/animation/77.png","ascent":7,"height":7,"chars":[""]},{"type":"bitmap","file":"lem.base:loading/animation/78.png","ascent":7,"height":7,"chars":[""]},{"type":"bitmap","file":"lem.base:loading/animation/79.png","ascent":7,"height":7,"chars":[""]},{"type":"bitmap","file":"lem.base:loading/animation/80.png","ascent":7,"height":7,"chars":[""]}]}