{"providers":[{"type":"ttf","file":"lem.base:negative_spaces.ttf","shift":[0.0,0.0],"size":10.0,"oversample":1.0},{"type":"bitmap","file":"lem.battle:armorbar/empty/body.png","ascent":5,"height":15,"chars":["0"]},{"type":"bitmap","file":"lem.battle:armorbar/leather/body.png","ascent":5,"height":15,"chars":["1"]},{"type":"bitmap","file":"lem.battle:armorbar/gold/body.png","ascent":5,"height":15,"chars":["2"]},{"type":"bitmap","file":"lem.battle:armorbar/chain/body.png","ascent":5,"height":15,"chars":["3"]},{"type":"bitmap","file":"lem.battle:armorbar/iron/body.png","ascent":5,"height":15,"chars":["4"]},{"type":"bitmap","file":"lem.battle:armorbar/diamond/body.png","ascent":5,"height":15,"chars":["5"]},{"type":"bitmap","file":"lem.battle:armorbar/netherite/body.png","ascent":5,"height":15,"chars":["6"]}]}