{
  "parent": "item/handheld",
  "textures": {
    "layer0": "item/bat_spawn_egg"
  },

  "overrides": [
    {"predicate": {"custom_model_data":1}, "model": "item/lem.battle/build/chest"},
    {"predicate": {"custom_model_data":2}, "model": "item/lem.battle/build/spawnpoint"},
    {"predicate": {"custom_model_data":3}, "model": "item/lem.battle/build/remove"},
    {"predicate": {"custom_model_data":4}, "model": "item/lem.battle/tntblock"},
    {"predicate": {"custom_model_data":5}, "model": "item/lem.battle/fire_charge"},
    {"predicate": {"custom_model_data":6}, "model": "item/lem.battle/achievement/cupid"},
    {"predicate": {"custom_model_data":7}, "model": "item/lem.battle/achievement/hunger"},
    {"predicate": {"custom_model_data":8}, "model": "item/lem.battle/achievement/scratch"},
    {"predicate": {"custom_model_data":9}, "model": "item/lem.battle/achievement/student"},
    {"predicate": {"custom_model_data":10}, "model": "item/lem.battle/achievement/master"}
  ]
}
