{
  "music.menu.1": {
    "category": "master",
    "sounds": [
      "lem.base/music/menu/menu1"
    ]
  },
  "music.menu.2": {
    "category": "master",
    "sounds": [
      "lem.base/music/menu/menu2"
    ]
  },
  "music.menu.3": {
    "category": "master",
    "sounds": [
      "lem.base/music/menu/menu3"
    ]
  },
  "music.menu.4": {
    "category": "master",
    "sounds": [
      "lem.base/music/menu/menu4"
    ]
  },
  "sound.lobby.count1": {
    "category": "master",
    "sounds": [
      "lem.base/sounds/lobby/count1"
    ]
  },
  "sound.lobby.count2": {
    "category": "master",
    "sounds": [
      "lem.base/sounds/lobby/count2"
    ]
  },
  "sound.lobby.count3": {
    "category": "master",
    "sounds": [
      "lem.base/sounds/lobby/count3"
    ]
  },
  "sound.game.count1": {
    "category": "master",
    "sounds": [
      "lem.base/sounds/game/count1"
    ]
  },
  "sound.game.count2": {
    "category": "master",
    "sounds": [
      "lem.base/sounds/game/count2"
    ]
  },
  "sound.game.count3": {
    "category": "master",
    "sounds": [
      "lem.base/sounds/game/count3"
    ]
  },
  "sound.game.count4": {
    "category": "master",
    "sounds": [
      "lem.base/sounds/game/count4"
    ]
  },
  "sound.game.end.count1": {
    "category": "master",
    "sounds": [
      "lem.base/sounds/lobby/count1"
    ]
  },
  "sound.game.end.count2": {
    "category": "master",
    "sounds": [
      "lem.base/sounds/lobby/count2"
    ]
  },
  "sound.game.end.count3": {
    "category": "master",
    "sounds": [
      "lem.base/sounds/lobby/count3"
    ]
  },
  "sound.game.showdown": {
    "category": "master",
    "sounds": [
      "lem.base/sounds/game/showdown"
    ]
  },
  "sound.game.lose": {
    "category": "master",
    "sounds": [
      "lem.base/sounds/game/lose"
    ]
  },
  "sound.game.win": {
    "category": "master",
    "sounds": [
      "lem.base/sounds/game/win"
    ]
  }
}
