{"textures":{"particle":"block/end_portal_frame_side","bottom":"block/end_stone","top":"block/end_portal_frame_top","side":"block/end_portal_frame_side","eye":"block/end_portal_frame_eye"},"elements":[{"from":[0,0,0],"to":[16,13,16],"faces":{"down":{"uv":[0,0,16,16],"texture":"#bottom","cullface":"down"},"up":{"uv":[0,0,16,16],"texture":"#top"},"north":{"uv":[0,3,16,16],"texture":"#side","cullface":"north"},"south":{"uv":[0,3,16,16],"texture":"#side","cullface":"south"},"west":{"uv":[0,3,16,16],"texture":"#side","cullface":"west"},"east":{"uv":[0,3,16,16],"texture":"#side","cullface":"east"}}},{"from":[4,13,4],"to":[12,16,12],"faces":{"up":{"uv":[4,4,12,12],"texture":"#eye","cullface":"up"},"north":{"uv":[4,0,12,3],"texture":"#eye"},"south":{"uv":[4,0,12,3],"texture":"#eye"},"west":{"uv":[4,0,12,3],"texture":"#eye"},"east":{"uv":[4,0,12,3],"texture":"#eye"}}}]}