{"providers":[{"type":"ttf","file":"lem.base:negative_spaces.ttf","shift":[0.0,0.0],"size":10.0,"oversample":1.0},{"type":"bitmap","file":"lem.battle:armorbar/empty/legs.png","ascent":-5,"height":15,"chars":["0"]},{"type":"bitmap","file":"lem.battle:armorbar/leather/legs.png","ascent":-5,"height":15,"chars":["1"]},{"type":"bitmap","file":"lem.battle:armorbar/gold/legs.png","ascent":-5,"height":15,"chars":["2"]},{"type":"bitmap","file":"lem.battle:armorbar/chain/legs.png","ascent":-5,"height":15,"chars":["3"]},{"type":"bitmap","file":"lem.battle:armorbar/iron/legs.png","ascent":-5,"height":15,"chars":["4"]},{"type":"bitmap","file":"lem.battle:armorbar/diamond/legs.png","ascent":-5,"height":15,"chars":["5"]},{"type":"bitmap","file":"lem.battle:armorbar/netherite/legs.png","ascent":-5,"height":15,"chars":["6"]}]}