{
	"credit": "Made with Blockbench",
	"texture_size": [64, 32],
	"textures": {
		"0": "lem.base/xof"
	},
	"elements": [
		{
			"name": "head",
			"from": [4, 4, -3],
			"to": [12, 10, 3],
			"faces": {
				"north": {"uv": [1.5, 3, 3.5, 6], "texture": "#0"},
				"east": {"uv": [0, 3, 1.5, 6], "texture": "#0"},
				"south": {"uv": [5, 3, 7, 6], "texture": "#0"},
				"west": {"uv": [3.5, 3, 5, 6], "texture": "#0"},
				"up": {"uv": [3.5, 3, 1.5, 0], "texture": "#0"},
				"down": {"uv": [5.5, 0, 3.5, 3], "texture": "#0"}
			}
		},
		{
			"name": "head",
			"from": [10, 10, -2],
			"to": [12, 12, -1],
			"faces": {
				"north": {"uv": [0.25, 0.5, 0.75, 1.5], "texture": "#0"},
				"east": {"uv": [0, 0.5, 0.25, 1.5], "texture": "#0"},
				"south": {"uv": [1, 0.5, 1.5, 1.5], "texture": "#0"},
				"west": {"uv": [0.75, 0.5, 1, 1.5], "texture": "#0"},
				"up": {"uv": [0.75, 0.5, 0.25, 0], "texture": "#0"},
				"down": {"uv": [1.25, 0, 0.75, 0.5], "texture": "#0"}
			}
		},
		{
			"name": "head",
			"from": [4, 10, -2],
			"to": [6, 12, -1],
			"faces": {
				"north": {"uv": [5.75, 0.5, 6.25, 1.5], "texture": "#0"},
				"east": {"uv": [5.5, 0.5, 5.75, 1.5], "texture": "#0"},
				"south": {"uv": [6.5, 0.5, 7, 1.5], "texture": "#0"},
				"west": {"uv": [6.25, 0.5, 6.5, 1.5], "texture": "#0"},
				"up": {"uv": [6.25, 0.5, 5.75, 0], "texture": "#0"},
				"down": {"uv": [6.75, 0, 6.25, 0.5], "texture": "#0"}
			}
		},
		{
			"name": "head",
			"from": [6, 4, -6],
			"to": [10, 6, -3],
			"faces": {
				"north": {"uv": [0.75, 13.5, 1.75, 14.5], "texture": "#0"},
				"east": {"uv": [0, 13.5, 0.75, 14.5], "texture": "#0"},
				"south": {"uv": [2.5, 13.5, 3.5, 14.5], "texture": "#0"},
				"west": {"uv": [1.75, 13.5, 2.5, 14.5], "texture": "#0"},
				"up": {"uv": [1.75, 13.5, 0.75, 12], "texture": "#0"},
				"down": {"uv": [2.75, 12, 1.75, 13.5], "texture": "#0"}
			}
		},
		{
			"name": "tail",
			"from": [6, 6, 14],
			"to": [10, 11, 23],
			"faces": {
				"north": {"uv": [8.25, 0, 9.25, 2.5], "texture": "#0"},
				"east": {"uv": [10.5, 2.5, 9.25, 7], "rotation": 90, "texture": "#0"},
				"south": {"uv": [9.25, 0, 10.25, 2.5], "texture": "#0"},
				"west": {"uv": [8.25, 2.5, 7, 7], "rotation": 270, "texture": "#0"},
				"up": {"uv": [11.5, 2.5, 10.5, 7], "texture": "#0"},
				"down": {"uv": [9.25, 7, 8.25, 2.5], "texture": "#0"}
			}
		},
		{
			"name": "body",
			"from": [5, 4, 3],
			"to": [11, 10, 14],
			"faces": {
				"north": {"uv": [9, 7.5, 10.5, 10.5], "texture": "#0"},
				"east": {"uv": [12, 10.5, 10.5, 16], "rotation": 90, "texture": "#0"},
				"south": {"uv": [10.5, 7.5, 12, 10.5], "texture": "#0"},
				"west": {"uv": [9, 10.5, 7.5, 16], "rotation": 270, "texture": "#0"},
				"up": {"uv": [13.5, 10.5, 12, 16], "texture": "#0"},
				"down": {"uv": [10.5, 16, 9, 10.5], "texture": "#0"}
			}
		},
		{
			"name": "leg0",
			"from": [9.005, 0, 11],
			"to": [11.005, 6, 13],
			"faces": {
				"north": {"uv": [4, 13, 4.5, 16], "texture": "#0"},
				"east": {"uv": [3.5, 13, 4, 16], "texture": "#0"},
				"south": {"uv": [5, 13, 5.5, 16], "texture": "#0"},
				"west": {"uv": [4.5, 13, 5, 16], "texture": "#0"},
				"up": {"uv": [4.5, 13, 4, 12], "texture": "#0"},
				"down": {"uv": [5, 12, 4.5, 13], "texture": "#0"}
			}
		},
		{
			"name": "leg1",
			"from": [4.995, 0, 11],
			"to": [6.995, 6, 13],
			"faces": {
				"north": {"uv": [6, 13, 6.5, 16], "texture": "#0"},
				"east": {"uv": [5.5, 13, 6, 16], "texture": "#0"},
				"south": {"uv": [7, 13, 7.5, 16], "texture": "#0"},
				"west": {"uv": [6.5, 13, 7, 16], "texture": "#0"},
				"up": {"uv": [6.5, 13, 6, 12], "texture": "#0"},
				"down": {"uv": [7, 12, 6.5, 13], "texture": "#0"}
			}
		},
		{
			"name": "leg2",
			"from": [9.005, 0, 4],
			"to": [11.005, 6, 6],
			"faces": {
				"north": {"uv": [4, 13, 4.5, 16], "texture": "#0"},
				"east": {"uv": [3.5, 13, 4, 16], "texture": "#0"},
				"south": {"uv": [5, 13, 5.5, 16], "texture": "#0"},
				"west": {"uv": [4.5, 13, 5, 16], "texture": "#0"},
				"up": {"uv": [4.5, 13, 4, 12], "texture": "#0"},
				"down": {"uv": [5, 12, 4.5, 13], "texture": "#0"}
			}
		},
		{
			"name": "leg3",
			"from": [4.995, 0, 4],
			"to": [6.995, 6, 6],
			"faces": {
				"north": {"uv": [6, 13, 6.5, 16], "texture": "#0"},
				"east": {"uv": [5.5, 13, 6, 16], "texture": "#0"},
				"south": {"uv": [7, 13, 7.5, 16], "texture": "#0"},
				"west": {"uv": [6.5, 13, 7, 16], "texture": "#0"},
				"up": {"uv": [6.5, 13, 6, 12], "texture": "#0"},
				"down": {"uv": [7, 12, 6.5, 13], "texture": "#0"}
			}
		}
	],
	"display": {
		"head": {
			"rotation": [0, -180, 0],
			"translation": [0, 5.75, 0.25],
			"scale": [1.4, 1.4, 1.4]
		}
	}
}