{"providers":[{"type":"bitmap","file":"lem.base:playericon/1.png","ascent":7,"height":8,"chars":[""]},{"type":"bitmap","file":"lem.base:playericon/2.png","ascent":7,"height":8,"chars":[""]},{"type":"bitmap","file":"lem.base:playericon/3.png","ascent":7,"height":8,"chars":[""]},{"type":"bitmap","file":"lem.base:playericon/4.png","ascent":7,"height":8,"chars":[""]},{"type":"bitmap","file":"lem.base:playericon/5.png","ascent":7,"height":8,"chars":[""]},{"type":"bitmap","file":"lem.base:playericon/6.png","ascent":7,"height":8,"chars":[""]},{"type":"bitmap","file":"lem.base:playericon/7.png","ascent":7,"height":8,"chars":[""]},{"type":"bitmap","file":"lem.base:playericon/8.png","ascent":7,"height":8,"chars":[""]},{"type":"bitmap","file":"lem.base:playericon/9.png","ascent":7,"height":8,"chars":[""]},{"type":"bitmap","file":"lem.base:playericon/10.png","ascent":7,"height":8,"chars":[""]},{"type":"bitmap","file":"lem.base:playericon/11.png","ascent":7,"height":8,"chars":[""]},{"type":"bitmap","file":"lem.base:playericon/12.png","ascent":7,"height":8,"chars":[""]},{"type":"bitmap","file":"lem.base:playericon/13.png","ascent":7,"height":8,"chars":[""]},{"type":"bitmap","file":"lem.base:playericon/14.png","ascent":7,"height":8,"chars":[""]},{"type":"bitmap","file":"lem.base:playericon/15.png","ascent":7,"height":8,"chars":[""]},{"type":"bitmap","file":"lem.base:playericon/16.png","ascent":7,"height":8,"chars":[""]}]}