{
    "providers": [

        {
            "type": "bitmap", "file": "4jbattle:armorsidebar/empty_head.png","ascent": 12,"height": 16,
            "chars": ["1"]
        },{
            "type": "bitmap", "file": "4jbattle:armorsidebar/empty_chest.png","ascent": 12,"height": 16,
            "chars": ["2"]
        },{
            "type": "bitmap", "file": "4jbattle:armorsidebar/empty_legs.png","ascent": 12,"height": 16,
            "chars": ["3"]
        },{
            "type": "bitmap", "file": "4jbattle:armorsidebar/empty_feet.png","ascent": 12,"height": 16,
            "chars": ["4"]
        }

    ]
}
