{"providers":[{"type":"ttf","file":"lem.base:negative_spaces.ttf","shift":[0.0,0.0],"size":10.0,"oversample":1.0},{"type":"bitmap","file":"lem.base:loading/mapname/battle.png","ascent":-2,"height":4,"chars":["豈"]},{"type":"bitmap","file":"lem.base:loading/mapname/crucible.png","ascent":-2,"height":4,"chars":["更"]},{"type":"bitmap","file":"lem.base:loading/mapname/cove.png","ascent":-2,"height":4,"chars":["車"]},{"type":"bitmap","file":"lem.base:loading/mapname/cavern.png","ascent":-2,"height":4,"chars":["賈"]},{"type":"bitmap","file":"lem.base:loading/mapname/lair.png","ascent":-2,"height":4,"chars":["滑"]},{"type":"bitmap","file":"lem.base:loading/mapname/medusa.png","ascent":-2,"height":4,"chars":["串"]},{"type":"bitmap","file":"lem.base:loading/mapname/temple.png","ascent":-2,"height":4,"chars":["句"]},{"type":"bitmap","file":"lem.base:loading/mapname/atlantis.png","ascent":-2,"height":4,"chars":["龜"]},{"type":"bitmap","file":"lem.base:loading/mapname/ruin.png","ascent":-2,"height":4,"chars":["龜"]},{"type":"bitmap","file":"lem.base:loading/mapname/siege.png","ascent":-2,"height":4,"chars":["契"]},{"type":"bitmap","file":"lem.base:loading/mapname/castle.png","ascent":-2,"height":4,"chars":["蘿"]},{"type":"bitmap","file":"lem.base:loading/mapname/invasion.png","ascent":-2,"height":4,"chars":["螺"]},{"type":"bitmap","file":"lem.base:loading/mapname/shipyard.png","ascent":-2,"height":4,"chars":["裸"]},{"type":"bitmap","file":"lem.base:loading/mapname/frontier.png","ascent":-2,"height":4,"chars":["邏"]},{"type":"bitmap","file":"lem.base:loading/mapname/dig.png","ascent":-2,"height":4,"chars":["樂"]},{"type":"bitmap","file":"lem.base:loading/mapname/shrunk.png","ascent":-2,"height":4,"chars":["洛"]},{"type":"bitmap","file":"lem.base:loading/mapname/valley.png","ascent":-2,"height":4,"chars":["烙"]},{"type":"bitmap","file":"lem.base:loading/mapname/halloween.png","ascent":-2,"height":4,"chars":["珞"]},{"type":"bitmap","file":"lem.base:loading/mapname/festive.png","ascent":-2,"height":4,"chars":["落"]},{"type":"bitmap","file":"lem.base:loading/mapname/atomics.png","ascent":-2,"height":4,"chars":["酪"]},{"type":"bitmap","file":"lem.base:loading/mapname/libertalia.png","ascent":-2,"height":4,"chars":["鸞"]},{"type":"bitmap","file":"lem.base:loading/mapname/capitol.png","ascent":-2,"height":4,"chars":["嵐"]}]}