{"parent":"item/template_spawn_egg","overrides":[{"predicate":{"custom_model_data":1},"model":"lem.base:build/chest/standard"},{"predicate":{"custom_model_data":2},"model":"lem.base:build/spawnpoint/steve/default"},{"predicate":{"custom_model_data":3},"model":"lem.base:build/remove"},{"predicate":{"custom_model_data":6},"model":"lem.battle:achievement/cupid"},{"predicate":{"custom_model_data":7},"model":"lem.battle:achievement/hunger"},{"predicate":{"custom_model_data":8},"model":"lem.battle:achievement/scratch"},{"predicate":{"custom_model_data":9},"model":"lem.battle:achievement/student"},{"predicate":{"custom_model_data":10},"model":"lem.battle:achievement/master"},{"predicate":{"custom_model_data":11},"model":"lem.base:build/chest/central"},{"predicate":{"custom_model_data":12},"model":"lem.base:build/chest/powerful"},{"predicate":{"custom_model_data":13},"model":"lem.base:build/spawnpoint/steve/boxer"},{"predicate":{"custom_model_data":14},"model":"lem.base:build/spawnpoint/steve/cyclist"},{"predicate":{"custom_model_data":15},"model":"lem.base:build/spawnpoint/steve/dev"},{"predicate":{"custom_model_data":16},"model":"lem.base:build/spawnpoint/steve/prisoner"},{"predicate":{"custom_model_data":17},"model":"lem.base:build/spawnpoint/steve/regional"},{"predicate":{"custom_model_data":18},"model":"lem.base:build/spawnpoint/steve/tennis"},{"predicate":{"custom_model_data":19},"model":"lem.base:build/spawnpoint/steve/tuxedo"},{"predicate":{"custom_model_data":20},"model":"lem.base:build/spawnpoint/alex/boxer"},{"predicate":{"custom_model_data":21},"model":"lem.base:build/spawnpoint/alex/cyclist"},{"predicate":{"custom_model_data":22},"model":"lem.base:build/spawnpoint/alex/default"},{"predicate":{"custom_model_data":23},"model":"lem.base:build/spawnpoint/alex/dev"},{"predicate":{"custom_model_data":24},"model":"lem.base:build/spawnpoint/alex/prisoner"},{"predicate":{"custom_model_data":25},"model":"lem.base:build/spawnpoint/alex/regional"},{"predicate":{"custom_model_data":26},"model":"lem.base:build/spawnpoint/alex/tennis"},{"predicate":{"custom_model_data":27},"model":"lem.base:build/spawnpoint/alex/tuxedo"},{"predicate":{"custom_model_data":28},"model":"lem.base:build/center"},{"predicate":{"custom_model_data":29},"model":"lem.base:build/corner/positive"},{"predicate":{"custom_model_data":30},"model":"lem.base:build/corner/negative"},{"predicate":{"custom_model_data":31},"model":"lem.battle:achievement/root"},{"predicate":{"custom_model_data":32},"model":"lem.base:build/corner/arrow/positive"},{"predicate":{"custom_model_data":33},"model":"lem.base:build/corner/arrow/negative"}]}