{
    "providers": [
        {
            "type": "ttf",
            "file": "4jbattle:negative_spaces.ttf",
            "shift": [0.0, 0.0],
            "size": 10.0,
            "oversample": 1.0
        },
        {
            "type": "bitmap",
            "file": "4jbattle:loading/tips/3/part1.png",
            "ascent": 15,
            "height": 55,
            "chars": [
                "1"
            ]
        },
        {
            "type": "bitmap",
            "file": "4jbattle:loading/tips/3/part2.png",
            "ascent": 15,
            "height": 55,
            "chars": [
                "2"
            ]
        },
        {
            "type": "bitmap",
            "file": "4jbattle:loading/tips/3/part3.png",
            "ascent": 15,
            "height": 55,
            "chars": [
                "3"
            ]
        },
        {
            "type": "bitmap",
            "file": "4jbattle:loading/tips/3/part4.png",
            "ascent": 15,
            "height": 55,
            "chars": [
                "4"
            ]
        }
    ]
}
