{
    "providers": [
        {
            "type": "ttf",
            "file": "4jbattle:negative_spaces.ttf",
            "shift": [0.0, 0.0],
            "size": 10.0,
            "oversample": 1.0
        },
        {
            "type": "bitmap",
            "file": "4jbattle:playerbar/empty.png",
            "ascent": -36,
            "height": 5,
            "chars": [
                "0"
            ]
        },
        {
            "type": "bitmap",
            "file": "4jbattle:playerbar/transparent/red.png",
            "ascent": -36,
            "height": 5,
            "chars": [
                "1"
            ]
        },
        {
            "type": "bitmap",
            "file": "4jbattle:playerbar/red.png",
            "ascent": -36,
            "height": 5,
            "chars": [
                "2"
            ]
        }
    ]
}
