{"providers":[{"type":"ttf","file":"lem.base:negative_spaces.ttf","shift":[0.0,0.0],"size":10.0,"oversample":1.0},{"type":"bitmap","file":"lem.battle:armorbar/empty/feet.png","ascent":-15,"height":15,"chars":["0"]},{"type":"bitmap","file":"lem.battle:armorbar/leather/feet.png","ascent":-15,"height":15,"chars":["1"]},{"type":"bitmap","file":"lem.battle:armorbar/gold/feet.png","ascent":-15,"height":15,"chars":["2"]},{"type":"bitmap","file":"lem.battle:armorbar/chain/feet.png","ascent":-15,"height":15,"chars":["3"]},{"type":"bitmap","file":"lem.battle:armorbar/iron/feet.png","ascent":-15,"height":15,"chars":["4"]},{"type":"bitmap","file":"lem.battle:armorbar/diamond/feet.png","ascent":-15,"height":15,"chars":["5"]},{"type":"bitmap","file":"lem.battle:armorbar/netherite/feet.png","ascent":-15,"height":15,"chars":["6"]}]}