{
    "providers": [
        {
            "type": "ttf",
            "file": "4jbattle:negative_spaces.ttf",
            "shift": [0.0, 0.0],
            "size": 10.0,
            "oversample": 1.0
        },
        {
            "type": "bitmap",
            "file": "4jbattle:armorbar/empty/head.png",
            "ascent": 15,
            "height": 15,
            "chars": [
                "0"
            ]
        },
        {
            "type": "bitmap",
            "file": "4jbattle:armorbar/leather/head.png",
            "ascent": 15,
            "height": 15,
            "chars": [
                "1"
            ]
        },
        {
            "type": "bitmap",
            "file": "4jbattle:armorbar/gold/head.png",
            "ascent": 15,
            "height": 15,
            "chars": [
                "2"
            ]
        },
        {
            "type": "bitmap",
            "file": "4jbattle:armorbar/chain/head.png",
            "ascent": 15,
            "height": 15,
            "chars": [
                "3"
            ]
        },
        {
            "type": "bitmap",
            "file": "4jbattle:armorbar/iron/head.png",
            "ascent": 15,
            "height": 15,
            "chars": [
                "4"
            ]
        },
        {
            "type": "bitmap",
            "file": "4jbattle:armorbar/diamond/head.png",
            "ascent": 15,
            "height": 15,
            "chars": [
                "5"
            ]
        },
        {
            "type": "bitmap",
            "file": "4jbattle:armorbar/netherite/head.png",
            "ascent": 15,
            "height": 15,
            "chars": [
                "6"
            ]
        },
        {
            "type": "bitmap",
            "file": "4jbattle:armorbar/turtle/head.png",
            "ascent": 15,
            "height": 15,
            "chars": [
                "7"
            ]
        }
    ]
}
