{
    "providers": [
        {
            "type": "reference",
            "id": "lem.base:banner/text/include/space"
        },
        {
            "type": "reference",
            "id": "lem.base:banner/text/include/default"
        },
        {
            "type": "reference",
            "id": "lem.base:banner/text/include/unifont"
        },
        {
            "type": "bitmap",
            "file": "lem.base:text/ja_jp/banner/showdown.png",
            "ascent": -35,
            "height": 9,
            "chars": [
                "\uF810"
            ]
        },
        {
            "type": "bitmap",
            "file": "lem.base:text/ja_jp/banner/draw.png",
            "ascent": -35,
            "height": 9,
            "chars": [
                "\uF811"
            ]
        },
        {
            "type": "bitmap",
            "file": "lem.base:text/ja_jp/banner/win.png",
            "ascent": -35,
            "height": 9,
            "chars": [
                "\uF812"
            ]
        }
    ]
}
