{
	"credit": "Made with Blockbench",
	"ambientocclusion": false,
	"texture_size": [16, 16],
	"textures": {
		"1": "lem.menu:menu/models/theme/vanilla/icon/leavegame",
		"particle": "lem.menu:menu/models/theme/vanilla/button/single"
	},
	"elements": [
		{
			"from": [6, 0, 8],
			"to": [10, 4, 8],
			"rotation": {"angle": 0, "axis": "y", "origin": [22, 0, 1]},
			"faces": {
				"east": {"uv": [0, 0, 0.20513, 7.2], "texture": "#missing"},
				"south": {"uv": [0, 0, 16, 16], "texture": "#1"},
				"west": {"uv": [0, 0, 0.20513, 7.2], "texture": "#missing"},
				"up": {"uv": [0, 0, 4.92308, 1.6], "texture": "#missing"},
				"down": {"uv": [0, 0, 4.92308, 1.6], "texture": "#missing"}
			}
		}
	],
	"gui_light": "front",
	"display": {
		"gui": {
			"translation": [0, 2.5, 0],
			"scale": [4, 4, 3.85]
		}
	}
}