{
    "providers": [
        {
            "type": "ttf",
            "file": "lem.base:negative_spaces.ttf",
            "shift": [0.0, 0.0],
            "size": 10.0,
            "oversample": 1.0
        },
        {
            "type": "bitmap",
            "file": "lem.base:banner/base.png",
            "ascent": -25,
            "height": 40,
            "chars": [
                "q"
            ]
        },
        {
            "type": "bitmap",
            "file": "lem.base:banner/base.png",
            "ascent": -25,
            "height": 50,
            "chars": [
                "w"
            ]
        },
        {
            "type": "bitmap",
            "file": "lem.base:banner/base.png",
            "ascent": -25,
            "height": 60,
            "chars": [
                "e"
            ]
        },
        {
            "type": "bitmap",
            "file": "lem.base:banner/base.png",
            "ascent": -25,
            "height": 70,
            "chars": [
                "r"
            ]
        },
        {
            "type": "bitmap",
            "file": "lem.base:banner/base.png",
            "ascent": -25,
            "height": 80,
            "chars": [
                "t"
            ]
        },
        {
            "type": "bitmap",
            "file": "lem.base:banner/base.png",
            "ascent": -25,
            "height": 90,
            "chars": [
                "y"
            ]
        },
        {
            "type": "bitmap",
            "file": "lem.base:banner/base.png",
            "ascent": -25,
            "height": 100,
            "chars": [
                "u"
            ]
        },
        {
            "type": "bitmap",
            "file": "lem.base:banner/base.png",
            "ascent": -25,
            "height": 110,
            "chars": [
                "i"
            ]
        },
        {
            "type": "bitmap",
            "file": "lem.base:banner/base.png",
            "ascent": -25,
            "height": 125,
            "chars": [
                "o"
            ]
        },
        {
            "type": "bitmap",
            "file": "lem.base:banner/base.png",
            "ascent": -25,
            "height": 120,
            "chars": [
                "p"
            ]
        },
        {
            "type": "bitmap",
            "file": "lem.base:banner/base.png",
            "ascent": -25,
            "height": 115,
            "chars": [
                "a"
            ]
        },
        {
            "type": "bitmap",
            "file": "lem.base:banner/base.png",
            "ascent": -25,
            "height": 110,
            "chars": [
                "s"
            ]
        },
        {
            "type": "bitmap",
            "file": "lem.base:banner/base.png",
            "ascent": -25,
            "height": 105,
            "chars": [
                "d"
            ]
        },
        {
            "type": "bitmap",
            "file": "lem.base:banner/base.png",
            "ascent": -25,
            "height": 100,
            "chars": [
                "f"
            ]
        },
        {
            "type": "bitmap",
            "file": "lem.base:banner/base.png",
            "ascent": -25,
            "height": 95,
            "chars": [
                "g"
            ]
        }
    ]
}
