{
	"credit": "Made with Blockbench",
	"ambientocclusion": false,
	"texture_size": [156, 20],
	"textures": {
		"0": "lem.menu:menu/models/theme/vanilla/button/standard/full/default",
		"icon": "lem.base:models/empty",
		"particle": "lem.menu:menu/models/theme/vanilla/button/standard/full/default"
	},
	"elements": [
		{
			"from": [-12, 0, 8],
			"to": [28, 4, 8],
			"rotation": {"angle": 0, "axis": "y", "origin": [4, 0, 1]},
			"faces": {
				"east": {"uv": [0, 0, 0.20513, 7.2], "texture": "#missing"},
				"south": {"uv": [0, 0, 16, 16], "texture": "#0"},
				"west": {"uv": [0, 0, 0.20513, 7.2], "texture": "#missing"},
				"up": {"uv": [0, 0, 4.92308, 1.6], "texture": "#missing"},
				"down": {"uv": [0, 0, 4.92308, 1.6], "texture": "#missing"}
			}
		},
		{
			"name": "icon",
			"from": [-11, 0, 8.1],
			"to": [-7, 4, 8.1],
			"rotation": {"angle": 0, "axis": "y", "origin": [4, 0, 1]},
			"faces": {
				"east": {"uv": [0, 0, 0.20513, 7.2], "texture": "#missing"},
				"south": {"uv": [0, 0, 16, 16], "texture": "#icon"},
				"west": {"uv": [0, 0, 0.20513, 7.2], "texture": "#missing"},
				"up": {"uv": [0, 0, 4.92308, 1.6], "texture": "#missing"},
				"down": {"uv": [0, 0, 4.92308, 1.6], "texture": "#missing"}
			}
		}
	],
	"gui_light": "front",
	"display": {
		"gui": {
			"translation": [-54, 24, 0],
			"scale": [4, 4, 3.85]
		}
	}
}