{
    "providers": [
        {
            "type": "ttf",
            "file": "lem.base:negative_spaces.ttf",
            "shift": [0.0, 0.0],
            "size": 10.0,
            "oversample": 1.0
        },
        {
            "type": "bitmap",
            "file": "lem.base:loading/icon.png",
            "ascent": 16,
            "height": 16,
            "chars": [
                "0"
            ]
        },
        {
            "type": "bitmap",
            "file": "lem.battle:loading/icon.png",
            "ascent": 16,
            "height": 16,
            "chars": [
                "1"
            ]
        },
        {
            "type": "bitmap",
            "file": "lem.tumble:loading/icon.png",
            "ascent": 16,
            "height": 16,
            "chars": [
                "2"
            ]
        },
        {
            "type": "bitmap",
            "file": "lem.glide:loading/icon.png",
            "ascent": 16,
            "height": 16,
            "chars": [
                "3"
            ]
        }
    ]
}
