{"providers":[{"type":"ttf","file":"lem.base:negative_spaces.ttf","shift":[0.0,0.0],"size":10.0,"oversample":1.0},{"type":"bitmap","file":"lem.base:banner/textbox/en_us/showdown.png","ascent":-51,"height":4,"chars":[""]},{"type":"bitmap","file":"lem.base:banner/textbox/en_us/showdown.png","ascent":-51,"height":6,"chars":[""]},{"type":"bitmap","file":"lem.base:banner/textbox/en_us/showdown.png","ascent":-51,"height":8,"chars":[""]},{"type":"bitmap","file":"lem.base:banner/textbox/en_us/showdown.png","ascent":-51,"height":10,"chars":[""]},{"type":"bitmap","file":"lem.base:banner/textbox/en_us/showdown.png","ascent":-51,"height":12,"chars":[""]},{"type":"bitmap","file":"lem.base:banner/textbox/en_us/showdown.png","ascent":-51,"height":14,"chars":[""]},{"type":"bitmap","file":"lem.base:banner/textbox/en_us/showdown.png","ascent":-51,"height":16,"chars":[""]},{"type":"bitmap","file":"lem.base:banner/textbox/en_us/showdown.png","ascent":-51,"height":18,"chars":[""]},{"type":"bitmap","file":"lem.base:banner/textbox/en_us/showdown.png","ascent":-51,"height":20,"chars":[""]},{"type":"bitmap","file":"lem.base:banner/textbox/de_de/showdown.png","ascent":-51,"height":4,"chars":[""]},{"type":"bitmap","file":"lem.base:banner/textbox/de_de/showdown.png","ascent":-51,"height":6,"chars":[""]},{"type":"bitmap","file":"lem.base:banner/textbox/de_de/showdown.png","ascent":-51,"height":8,"chars":[""]},{"type":"bitmap","file":"lem.base:banner/textbox/de_de/showdown.png","ascent":-51,"height":10,"chars":[""]},{"type":"bitmap","file":"lem.base:banner/textbox/de_de/showdown.png","ascent":-51,"height":12,"chars":[""]},{"type":"bitmap","file":"lem.base:banner/textbox/de_de/showdown.png","ascent":-51,"height":14,"chars":[""]},{"type":"bitmap","file":"lem.base:banner/textbox/de_de/showdown.png","ascent":-51,"height":16,"chars":[""]},{"type":"bitmap","file":"lem.base:banner/textbox/de_de/showdown.png","ascent":-51,"height":18,"chars":[""]},{"type":"bitmap","file":"lem.base:banner/textbox/de_de/showdown.png","ascent":-51,"height":20,"chars":[""]},{"type":"bitmap","file":"lem.base:banner/textbox/es_es/showdown.png","ascent":-51,"height":4,"chars":[""]},{"type":"bitmap","file":"lem.base:banner/textbox/es_es/showdown.png","ascent":-51,"height":6,"chars":[""]},{"type":"bitmap","file":"lem.base:banner/textbox/es_es/showdown.png","ascent":-51,"height":8,"chars":[""]},{"type":"bitmap","file":"lem.base:banner/textbox/es_es/showdown.png","ascent":-51,"height":10,"chars":[""]},{"type":"bitmap","file":"lem.base:banner/textbox/es_es/showdown.png","ascent":-51,"height":12,"chars":[""]},{"type":"bitmap","file":"lem.base:banner/textbox/es_es/showdown.png","ascent":-51,"height":14,"chars":[""]},{"type":"bitmap","file":"lem.base:banner/textbox/es_es/showdown.png","ascent":-51,"height":16,"chars":[""]},{"type":"bitmap","file":"lem.base:banner/textbox/es_es/showdown.png","ascent":-51,"height":18,"chars":[""]},{"type":"bitmap","file":"lem.base:banner/textbox/es_es/showdown.png","ascent":-51,"height":20,"chars":[""]},{"type":"bitmap","file":"lem.base:banner/textbox/ja_jp/showdown.png","ascent":-51,"height":4,"chars":[""]},{"type":"bitmap","file":"lem.base:banner/textbox/ja_jp/showdown.png","ascent":-51,"height":6,"chars":[""]},{"type":"bitmap","file":"lem.base:banner/textbox/ja_jp/showdown.png","ascent":-51,"height":8,"chars":[""]},{"type":"bitmap","file":"lem.base:banner/textbox/ja_jp/showdown.png","ascent":-51,"height":10,"chars":[""]},{"type":"bitmap","file":"lem.base:banner/textbox/ja_jp/showdown.png","ascent":-51,"height":12,"chars":[""]},{"type":"bitmap","file":"lem.base:banner/textbox/ja_jp/showdown.png","ascent":-51,"height":14,"chars":[""]},{"type":"bitmap","file":"lem.base:banner/textbox/ja_jp/showdown.png","ascent":-51,"height":16,"chars":[""]},{"type":"bitmap","file":"lem.base:banner/textbox/ja_jp/showdown.png","ascent":-51,"height":18,"chars":[""]},{"type":"bitmap","file":"lem.base:banner/textbox/ja_jp/showdown.png","ascent":-51,"height":20,"chars":[""]},{"type":"bitmap","file":"lem.base:banner/textbox/pl_pl/showdown.png","ascent":-51,"height":4,"chars":[""]},{"type":"bitmap","file":"lem.base:banner/textbox/pl_pl/showdown.png","ascent":-51,"height":6,"chars":[""]},{"type":"bitmap","file":"lem.base:banner/textbox/pl_pl/showdown.png","ascent":-51,"height":8,"chars":[""]},{"type":"bitmap","file":"lem.base:banner/textbox/pl_pl/showdown.png","ascent":-51,"height":10,"chars":[""]},{"type":"bitmap","file":"lem.base:banner/textbox/pl_pl/showdown.png","ascent":-51,"height":12,"chars":[""]},{"type":"bitmap","file":"lem.base:banner/textbox/pl_pl/showdown.png","ascent":-51,"height":14,"chars":[""]},{"type":"bitmap","file":"lem.base:banner/textbox/pl_pl/showdown.png","ascent":-51,"height":16,"chars":[""]},{"type":"bitmap","file":"lem.base:banner/textbox/pl_pl/showdown.png","ascent":-51,"height":18,"chars":[""]},{"type":"bitmap","file":"lem.base:banner/textbox/pl_pl/showdown.png","ascent":-51,"height":20,"chars":[""]},{"type":"bitmap","file":"lem.base:banner/textbox/pt_br/showdown.png","ascent":-51,"height":4,"chars":[""]},{"type":"bitmap","file":"lem.base:banner/textbox/pt_br/showdown.png","ascent":-51,"height":6,"chars":[""]},{"type":"bitmap","file":"lem.base:banner/textbox/pt_br/showdown.png","ascent":-51,"height":8,"chars":[""]},{"type":"bitmap","file":"lem.base:banner/textbox/pt_br/showdown.png","ascent":-51,"height":10,"chars":[""]},{"type":"bitmap","file":"lem.base:banner/textbox/pt_br/showdown.png","ascent":-51,"height":12,"chars":[""]},{"type":"bitmap","file":"lem.base:banner/textbox/pt_br/showdown.png","ascent":-51,"height":14,"chars":[""]},{"type":"bitmap","file":"lem.base:banner/textbox/pt_br/showdown.png","ascent":-51,"height":16,"chars":[""]},{"type":"bitmap","file":"lem.base:banner/textbox/pt_br/showdown.png","ascent":-51,"height":18,"chars":[""]},{"type":"bitmap","file":"lem.base:banner/textbox/pt_br/showdown.png","ascent":-51,"height":20,"chars":[""]}]}