{
    "parent": "item/generated",
    "display": {
        "gui": {
            "rotation": [ 0, 0, 0 ],
            "translation": [ 0, 0, 0 ],
            "scale": [ 1, 1, 1 ]
        },
        "ground": {
            "rotation": [ 0, 0, 0 ],
            "translation": [ 0, 5, 0],
            "scale":[ 1.3, 1.3, 1.3 ]
        },
        "thirdperson_righthand": {
            "rotation": [ 0, 90, 55 ],
            "translation": [ 0, 8, 3 ],
            "scale": [ 1.2, 1.2, 1.2 ]
        },
        "thirdperson_lefthand": {
            "rotation": [ 0, -90, -55 ],
            "translation": [ 0, 8, 3 ],
            "scale": [ 1.2, 1.2, 1.2 ]
        },
        "firstperson_righthand": {
            "rotation": [ 25, 90, 25 ],
            "translation": [ 2.13, 3.2, 1.13 ],
            "scale": [ 0.8, 0.8, 0.8 ]
        },
        "firstperson_lefthand": {
            "rotation": [ 25, -90, -25 ],
            "translation": [ 2.13, 3.2, 1.13 ],
            "scale": [ 0.8, 0.8, 0.8 ]
        }
    }
}
