{"providers":[{"type":"ttf","file":"lem.base:negative_spaces.ttf","shift":[0.0,0.0],"size":10.0,"oversample":1.0},{"type":"bitmap","file":"lem.base:loading/bar/progress/0.png","ascent":-4,"height":5,"chars":["豈"]},{"type":"bitmap","file":"lem.base:loading/bar/progress/1.png","ascent":-4,"height":5,"chars":["更"]},{"type":"bitmap","file":"lem.base:loading/bar/progress/2.png","ascent":-4,"height":5,"chars":["車"]},{"type":"bitmap","file":"lem.base:loading/bar/progress/3.png","ascent":-4,"height":5,"chars":["賈"]},{"type":"bitmap","file":"lem.base:loading/bar/progress/4.png","ascent":-4,"height":5,"chars":["滑"]},{"type":"bitmap","file":"lem.base:loading/bar/progress/5.png","ascent":-4,"height":5,"chars":["串"]},{"type":"bitmap","file":"lem.base:loading/bar/progress/6.png","ascent":-4,"height":5,"chars":["句"]},{"type":"bitmap","file":"lem.base:loading/bar/progress/7.png","ascent":-4,"height":5,"chars":["龜"]},{"type":"bitmap","file":"lem.base:loading/bar/progress/8.png","ascent":-4,"height":5,"chars":["龜"]},{"type":"bitmap","file":"lem.base:loading/bar/progress/9.png","ascent":-4,"height":5,"chars":["契"]},{"type":"bitmap","file":"lem.base:loading/bar/progress/10.png","ascent":-4,"height":5,"chars":["蘿"]},{"type":"bitmap","file":"lem.base:loading/bar/progress/11.png","ascent":-4,"height":5,"chars":["螺"]},{"type":"bitmap","file":"lem.base:loading/bar/progress/12.png","ascent":-4,"height":5,"chars":["裸"]},{"type":"bitmap","file":"lem.base:loading/bar/progress/13.png","ascent":-4,"height":5,"chars":["邏"]},{"type":"bitmap","file":"lem.base:loading/bar/progress/14.png","ascent":-4,"height":5,"chars":["樂"]},{"type":"bitmap","file":"lem.base:loading/bar/progress/15.png","ascent":-4,"height":5,"chars":["洛"]},{"type":"bitmap","file":"lem.base:loading/bar/progress/16.png","ascent":-4,"height":5,"chars":["烙"]},{"type":"bitmap","file":"lem.base:loading/bar/progress/17.png","ascent":-4,"height":5,"chars":["珞"]},{"type":"bitmap","file":"lem.base:loading/bar/progress/18.png","ascent":-4,"height":5,"chars":["落"]},{"type":"bitmap","file":"lem.base:loading/bar/progress/19.png","ascent":-4,"height":5,"chars":["酪"]},{"type":"bitmap","file":"lem.base:loading/bar/progress/20.png","ascent":-4,"height":5,"chars":["鸞"]},{"type":"bitmap","file":"lem.base:loading/bar/progress/21.png","ascent":-4,"height":5,"chars":["嵐"]},{"type":"bitmap","file":"lem.base:loading/bar/progress/22.png","ascent":-4,"height":5,"chars":["濫"]},{"type":"bitmap","file":"lem.base:loading/bar/progress/23.png","ascent":-4,"height":5,"chars":["藍"]},{"type":"bitmap","file":"lem.base:loading/bar/progress/24.png","ascent":-4,"height":5,"chars":["襤"]},{"type":"bitmap","file":"lem.base:loading/bar/progress/25.png","ascent":-4,"height":5,"chars":["拉"]},{"type":"bitmap","file":"lem.base:loading/bar/progress/26.png","ascent":-4,"height":5,"chars":["臘"]},{"type":"bitmap","file":"lem.base:loading/bar/progress/27.png","ascent":-4,"height":5,"chars":["蠟"]},{"type":"bitmap","file":"lem.base:loading/bar/progress/28.png","ascent":-4,"height":5,"chars":["廊"]},{"type":"bitmap","file":"lem.base:loading/bar/progress/29.png","ascent":-4,"height":5,"chars":["朗"]},{"type":"bitmap","file":"lem.base:loading/bar/progress/30.png","ascent":-4,"height":5,"chars":["擄"]},{"type":"bitmap","file":"lem.base:loading/bar/progress/31.png","ascent":-4,"height":5,"chars":["櫓"]},{"type":"bitmap","file":"lem.base:loading/bar/progress/32.png","ascent":-4,"height":5,"chars":["爐"]},{"type":"bitmap","file":"lem.base:loading/bar/progress/33.png","ascent":-4,"height":5,"chars":["盧"]},{"type":"bitmap","file":"lem.base:loading/bar/progress/34.png","ascent":-4,"height":5,"chars":["老"]},{"type":"bitmap","file":"lem.base:loading/bar/progress/35.png","ascent":-4,"height":5,"chars":["蘆"]},{"type":"bitmap","file":"lem.base:loading/bar/progress/36.png","ascent":-4,"height":5,"chars":["虜"]},{"type":"bitmap","file":"lem.base:loading/bar/progress/37.png","ascent":-4,"height":5,"chars":["路"]},{"type":"bitmap","file":"lem.base:loading/bar/progress/38.png","ascent":-4,"height":5,"chars":["露"]},{"type":"bitmap","file":"lem.base:loading/bar/progress/39.png","ascent":-4,"height":5,"chars":["魯"]},{"type":"bitmap","file":"lem.base:loading/bar/progress/40.png","ascent":-4,"height":5,"chars":["鹿"]},{"type":"bitmap","file":"lem.base:loading/bar/progress/41.png","ascent":-4,"height":5,"chars":["論"]},{"type":"bitmap","file":"lem.base:loading/bar/progress/42.png","ascent":-4,"height":5,"chars":["壟"]},{"type":"bitmap","file":"lem.base:loading/bar/progress/43.png","ascent":-4,"height":5,"chars":["弄"]},{"type":"bitmap","file":"lem.base:loading/bar/progress/44.png","ascent":-4,"height":5,"chars":["籠"]},{"type":"bitmap","file":"lem.base:loading/bar/progress/45.png","ascent":-4,"height":5,"chars":["聾"]},{"type":"bitmap","file":"lem.base:loading/bar/progress/46.png","ascent":-4,"height":5,"chars":["牢"]},{"type":"bitmap","file":"lem.base:loading/bar/progress/47.png","ascent":-4,"height":5,"chars":["磊"]},{"type":"bitmap","file":"lem.base:loading/bar/progress/48.png","ascent":-4,"height":5,"chars":["賂"]},{"type":"bitmap","file":"lem.base:loading/bar/progress/49.png","ascent":-4,"height":5,"chars":["雷"]},{"type":"bitmap","file":"lem.base:loading/bar/progress/50.png","ascent":-4,"height":5,"chars":["縷"]},{"type":"bitmap","file":"lem.base:loading/bar/progress/51.png","ascent":-4,"height":5,"chars":["陋"]},{"type":"bitmap","file":"lem.base:loading/bar/progress/52.png","ascent":-4,"height":5,"chars":["勒"]},{"type":"bitmap","file":"lem.base:loading/bar/progress/53.png","ascent":-4,"height":5,"chars":["肋"]},{"type":"bitmap","file":"lem.base:loading/bar/progress/54.png","ascent":-4,"height":5,"chars":["凜"]},{"type":"bitmap","file":"lem.base:loading/bar/progress/55.png","ascent":-4,"height":5,"chars":["凌"]},{"type":"bitmap","file":"lem.base:loading/bar/progress/56.png","ascent":-4,"height":5,"chars":["稜"]},{"type":"bitmap","file":"lem.base:loading/bar/progress/57.png","ascent":-4,"height":5,"chars":["綾"]},{"type":"bitmap","file":"lem.base:loading/bar/progress/58.png","ascent":-4,"height":5,"chars":["菱"]},{"type":"bitmap","file":"lem.base:loading/bar/progress/59.png","ascent":-4,"height":5,"chars":["陵"]},{"type":"bitmap","file":"lem.base:loading/bar/progress/60.png","ascent":-4,"height":5,"chars":["怒"]},{"type":"bitmap","file":"lem.base:loading/bar/progress/61.png","ascent":-4,"height":5,"chars":["率"]},{"type":"bitmap","file":"lem.base:loading/bar/progress/62.png","ascent":-4,"height":5,"chars":["異"]},{"type":"bitmap","file":"lem.base:loading/bar/progress/63.png","ascent":-4,"height":5,"chars":["北"]},{"type":"bitmap","file":"lem.base:loading/bar/progress/64.png","ascent":-4,"height":5,"chars":["磻"]}]}