{"providers":[{"type":"ttf","file":"lem.base:negative_spaces.ttf","shift":[0.0,0.0],"size":10.0,"oversample":1.0},{"type":"bitmap","file":"minecraft:lem.base/logo/part1.png","ascent":28,"height":43,"chars":[""]},{"type":"bitmap","file":"minecraft:lem.base/logo/part2.png","ascent":28,"height":43,"chars":[""]},{"type":"bitmap","file":"minecraft:lem.base/logo/part3.png","ascent":28,"height":43,"chars":[""]},{"type":"bitmap","file":"minecraft:lem.base/logo/part4.png","ascent":28,"height":43,"chars":[""]}]}