{
	"credit": "Made with Blockbench",
	"texture_size": [64, 32],
	"textures": {
		"0": "minecraft:4jbattle/xof"
	},
	"elements": [
		{
			"name": "body",
			"from": [5, 0, 4],
			"to": [11, 11, 10],
			"rotation": {"angle": -90, "axis": "x", "origin": [8, 8, 7]},
			"faces": {
				"north": {"uv": [9, 10.5, 10.5, 16], "texture": "#0"},
				"east": {"uv": [7.5, 10.5, 9, 16], "texture": "#0"},
				"south": {"uv": [12, 10.5, 13.5, 16], "texture": "#0"},
				"west": {"uv": [10.5, 10.5, 12, 16], "texture": "#0"},
				"up": {"uv": [10.5, 10.5, 9, 7.5], "texture": "#0"},
				"down": {"uv": [12, 7.5, 10.5, 10.5], "texture": "#0"}
			}
		},
		{
			"name": "head",
			"from": [4, 4, -2],
			"to": [12, 10, 4],
			"rotation": {"angle": 0, "axis": "y", "origin": [8, 0, 7]},
			"faces": {
				"north": {"uv": [1.5, 3, 3.5, 6], "texture": "#0"},
				"east": {"uv": [0, 3, 1.5, 6], "texture": "#0"},
				"south": {"uv": [5, 3, 7, 6], "texture": "#0"},
				"west": {"uv": [3.5, 3, 5, 6], "texture": "#0"},
				"up": {"uv": [3.5, 3, 1.5, 0], "texture": "#0"},
				"down": {"uv": [5.5, 0, 3.5, 3], "texture": "#0"}
			}
		},
		{
			"name": "head",
			"from": [10, 10, -1],
			"to": [12, 12, 0],
			"rotation": {"angle": 0, "axis": "y", "origin": [8, 0, 7]},
			"faces": {
				"north": {"uv": [0.25, 0.5, 0.75, 1.5], "texture": "#0"},
				"east": {"uv": [0, 0.5, 0.25, 1.5], "texture": "#0"},
				"south": {"uv": [1, 0.5, 1.5, 1.5], "texture": "#0"},
				"west": {"uv": [0.75, 0.5, 1, 1.5], "texture": "#0"},
				"up": {"uv": [0.75, 0.5, 0.25, 0], "texture": "#0"},
				"down": {"uv": [1.25, 0, 0.75, 0.5], "texture": "#0"}
			}
		},
		{
			"name": "head",
			"from": [4, 10, -1],
			"to": [6, 12, 0],
			"rotation": {"angle": 0, "axis": "y", "origin": [8, 0, 7]},
			"faces": {
				"north": {"uv": [5.75, 0.5, 6.25, 1.5], "texture": "#0"},
				"east": {"uv": [5.5, 0.5, 5.75, 1.5], "texture": "#0"},
				"south": {"uv": [6.5, 0.5, 7, 1.5], "texture": "#0"},
				"west": {"uv": [6.25, 0.5, 6.5, 1.5], "texture": "#0"},
				"up": {"uv": [6.25, 0.5, 5.75, 0], "texture": "#0"},
				"down": {"uv": [6.75, 0, 6.25, 0.5], "texture": "#0"}
			}
		},
		{
			"name": "head",
			"from": [6, 4, -5],
			"to": [10, 6, -2],
			"rotation": {"angle": 0, "axis": "y", "origin": [8, 0, 7]},
			"faces": {
				"north": {"uv": [0.75, 13.5, 1.75, 14.5], "texture": "#0"},
				"east": {"uv": [0, 13.5, 0.75, 14.5], "texture": "#0"},
				"south": {"uv": [2.5, 13.5, 3.5, 14.5], "texture": "#0"},
				"west": {"uv": [1.75, 13.5, 2.5, 14.5], "texture": "#0"},
				"up": {"uv": [1.75, 13.5, 0.75, 12], "texture": "#0"},
				"down": {"uv": [2.75, 12, 1.75, 13.5], "texture": "#0"}
			}
		},
		{
			"name": "leg0",
			"from": [9.005, 0, 12],
			"to": [11.005, 6, 14],
			"rotation": {"angle": 0, "axis": "y", "origin": [8, 0, 7]},
			"faces": {
				"north": {"uv": [4, 13, 4.5, 16], "texture": "#0"},
				"east": {"uv": [3.5, 13, 4, 16], "texture": "#0"},
				"south": {"uv": [5, 13, 5.5, 16], "texture": "#0"},
				"west": {"uv": [4.5, 13, 5, 16], "texture": "#0"},
				"up": {"uv": [4.5, 13, 4, 12], "texture": "#0"},
				"down": {"uv": [5, 12, 4.5, 13], "texture": "#0"}
			}
		},
		{
			"name": "leg1",
			"from": [4.995, 0, 12],
			"to": [6.995, 6, 14],
			"rotation": {"angle": 0, "axis": "y", "origin": [8, 0, 7]},
			"faces": {
				"north": {"uv": [6, 13, 6.5, 16], "texture": "#0"},
				"east": {"uv": [5.5, 13, 6, 16], "texture": "#0"},
				"south": {"uv": [7, 13, 7.5, 16], "texture": "#0"},
				"west": {"uv": [6.5, 13, 7, 16], "texture": "#0"},
				"up": {"uv": [6.5, 13, 6, 12], "texture": "#0"},
				"down": {"uv": [7, 12, 6.5, 13], "texture": "#0"}
			}
		},
		{
			"name": "leg2",
			"from": [9.005, 0, 5],
			"to": [11.005, 6, 7],
			"rotation": {"angle": 0, "axis": "y", "origin": [8, 0, 7]},
			"faces": {
				"north": {"uv": [4, 13, 4.5, 16], "texture": "#0"},
				"east": {"uv": [3.5, 13, 4, 16], "texture": "#0"},
				"south": {"uv": [5, 13, 5.5, 16], "texture": "#0"},
				"west": {"uv": [4.5, 13, 5, 16], "texture": "#0"},
				"up": {"uv": [4.5, 13, 4, 12], "texture": "#0"},
				"down": {"uv": [5, 12, 4.5, 13], "texture": "#0"}
			}
		},
		{
			"name": "leg3",
			"from": [4.995, 0, 5],
			"to": [6.995, 6, 7],
			"rotation": {"angle": 0, "axis": "y", "origin": [8, 0, 7]},
			"faces": {
				"north": {"uv": [6, 13, 6.5, 16], "texture": "#0"},
				"east": {"uv": [5.5, 13, 6, 16], "texture": "#0"},
				"south": {"uv": [7, 13, 7.5, 16], "texture": "#0"},
				"west": {"uv": [6.5, 13, 7, 16], "texture": "#0"},
				"up": {"uv": [6.5, 13, 6, 12], "texture": "#0"},
				"down": {"uv": [7, 12, 6.5, 13], "texture": "#0"}
			}
		},
		{
			"name": "tail",
			"from": [6, -16, -2],
			"to": [10, -7, 3],
			"rotation": {"angle": -90, "axis": "x", "origin": [0, 8, 0]},
			"faces": {
				"north": {"uv": [8.25, 2.5, 9.25, 7], "texture": "#0"},
				"east": {"uv": [7, 2.5, 8.25, 7], "texture": "#0"},
				"south": {"uv": [10.5, 2.5, 11.5, 7], "texture": "#0"},
				"west": {"uv": [9.25, 2.5, 10.5, 7], "texture": "#0"},
				"up": {"uv": [9.25, 2.5, 8.25, 0], "texture": "#0"},
				"down": {"uv": [10.25, 0, 9.25, 2.5], "texture": "#0"}
			}
		}
	],
	"groups": [
		{
			"name": "root",
			"origin": [0, 0, 0],
			"color": 0,
			"nbt": "{}",
			"armAnimationEnabled": false,
			"children": [
				{
					"name": "body",
					"origin": [0, 8, 0],
					"color": 1,
					"nbt": "{}",
					"armAnimationEnabled": false,
					"children": [
						0,
						{
							"name": "head",
							"origin": [0, 8, -3],
							"color": 2,
							"nbt": "{}",
							"armAnimationEnabled": false,
							"children": [1, 2, 3, 4]
						},
						{
							"name": "leg0",
							"origin": [3, 6, 6],
							"color": 4,
							"nbt": "{}",
							"armAnimationEnabled": false,
							"children": [5]
						},
						{
							"name": "leg1",
							"origin": [-1, 6, 6],
							"color": 5,
							"nbt": "{}",
							"armAnimationEnabled": false,
							"children": [6]
						},
						{
							"name": "leg2",
							"origin": [3, 6, -1],
							"color": 6,
							"nbt": "{}",
							"armAnimationEnabled": false,
							"children": [7]
						},
						{
							"name": "leg3",
							"origin": [-1, 6, -1],
							"color": 7,
							"nbt": "{}",
							"armAnimationEnabled": false,
							"children": [8]
						},
						{
							"name": "tail",
							"origin": [0, 8, 7],
							"rotation": [-90, 0, 0],
							"color": 8,
							"nbt": "{}",
							"armAnimationEnabled": false,
							"children": [9]
						}
					]
				}
			]
		},
		{
			"name": "world",
			"origin": [0, 0, 0],
			"color": 9,
			"nbt": "{}",
			"armAnimationEnabled": false,
			"children": []
		}
	]
}