{
  "parent": "item/handheld",
  "textures": {
    "layer0": "item/bat_spawn_egg"
  },

  "overrides": [
    {"predicate": {"custom_model_data":1}, "model": "item/4jbattle/build/chest"},
    {"predicate": {"custom_model_data":2}, "model": "item/4jbattle/build/spawnpoint"},
    {"predicate": {"custom_model_data":3}, "model": "item/4jbattle/build/remove"},
    {"predicate": {"custom_model_data":4}, "model": "item/4jbattle/tntblock"},
    {"predicate": {"custom_model_data":5}, "model": "item/4jbattle/fire_charge"}
  ]
}
