{"ambientocclusion":false,"textures":{"particle":"#stem"},"elements":[{"from":[0,-1,8],"to":[16,1,8],"rotation":{"origin":[8,8,8],"axis":"y","angle":45,"rescale":true},"faces":{"north":{"uv":[0,0,16,2],"texture":"#stem","tintindex":0},"south":{"uv":[16,0,0,2],"texture":"#stem","tintindex":0}}},{"from":[8,-1,0],"to":[8,1,16],"rotation":{"origin":[8,8,8],"axis":"y","angle":45,"rescale":true},"faces":{"west":{"uv":[0,0,16,2],"texture":"#stem","tintindex":0},"east":{"uv":[16,0,0,2],"texture":"#stem","tintindex":0}}}]}