{
    "providers": [
        {
            "type": "ttf",
            "file": "4jbattle:negative_spaces.ttf",
            "shift": [0.0, 0.0],
            "size": 10.0,
            "oversample": 1.0
        },
        {
            "type": "bitmap",
            "file": "4jbattle:banner_showdown.png",
            "ascent": -51,
            "height": 4,
            "chars": [
                "1"
            ]
        },
        {
            "type": "bitmap",
            "file": "4jbattle:banner_showdown.png",
            "ascent": -51,
            "height": 6,
            "chars": [
                "2"
            ]
        },
        {
            "type": "bitmap",
            "file": "4jbattle:banner_showdown.png",
            "ascent": -51,
            "height": 8,
            "chars": [
                "3"
            ]
        },
        {
            "type": "bitmap",
            "file": "4jbattle:banner_showdown.png",
            "ascent": -51,
            "height": 10,
            "chars": [
                "4"
            ]
        },
        {
            "type": "bitmap",
            "file": "4jbattle:banner_showdown.png",
            "ascent": -51,
            "height": 12,
            "chars": [
                "5"
            ]
        },
        {
            "type": "bitmap",
            "file": "4jbattle:banner_showdown.png",
            "ascent": -51,
            "height": 14,
            "chars": [
                "6"
            ]
        },
        {
            "type": "bitmap",
            "file": "4jbattle:banner_showdown.png",
            "ascent": -51,
            "height": 16,
            "chars": [
                "7"
            ]
        },
        {
            "type": "bitmap",
            "file": "4jbattle:banner_showdown.png",
            "ascent": -51,
            "height": 18,
            "chars": [
                "8"
            ]
        },
        {
            "type": "bitmap",
            "file": "4jbattle:banner_showdown.png",
            "ascent": -51,
            "height": 20,
            "chars": [
                "9"
            ]
        }
    ]
}
