{"credit":"Made with Blockbench","parent":"minecraft:item/handheld","textures":{"layer0":"item/netherite_sword"},"display":{"thirdperson_righthand":{"rotation":[-103.18,38.9,179.52],"translation":[-5,7,8],"scale":[0.75,0.75,0.75]},"thirdperson_lefthand":{"rotation":[95.95,-37.16,4.55],"translation":[-4.5,5.75,7.25],"scale":[0.75,0.75,0.75]},"firstperson_righthand":{"rotation":[162.24,4.56,175.35],"translation":[-5,2.5,-2.5],"scale":[0.75,0.75,0.75]},"firstperson_lefthand":{"rotation":[-13.47,-2.97,2.75],"translation":[-5.5,2.25,-3],"scale":[0.75,0.75,0.75]}}}