{
	"credit": "Made by DBTDerpbox, created with Blockbench",
	"textures": {
		"0": "4jbattle/menu/monitor/outline",
		"1": "4jbattle/menu/monitor/stand",
		"2": "4jbattle/menu/monitor/display",
		"particle": "4jbattle/menu/monitor/outline"
	},
	"elements": [
		{
			"from": [6, 0, 6],
			"to": [9, 1, 9],
			"faces": {
				"north": {"uv": [0, 0, 3, 1], "texture": "#1"},
				"east": {"uv": [0, 0, 3, 1], "texture": "#1"},
				"south": {"uv": [0, 0, 3, 1], "texture": "#1"},
				"west": {"uv": [0, 0, 3, 1], "texture": "#1"},
				"up": {"uv": [0, 0, 3, 1], "texture": "#1"},
				"down": {"uv": [0, 0, 3, 1], "texture": "#1"}
			}
		},
		{
			"from": [7, 1, 7],
			"to": [8, 3, 8],
			"faces": {
				"north": {"uv": [0, 0, 1, 2], "texture": "#1"},
				"east": {"uv": [0, 0, 1, 2], "texture": "#1"},
				"south": {"uv": [0, 0, 1, 2], "texture": "#1"},
				"west": {"uv": [0, 0, 1, 2], "texture": "#1"},
				"up": {"uv": [0, 0, 1, 2], "texture": "#1"},
				"down": {"uv": [0, 0, 1, 2], "texture": "#1"}
			}
		},
		{
			"from": [0, 3, 7],
			"to": [15, 4, 8],
			"faces": {
				"north": {"uv": [0, 0, 15, 1], "texture": "#0"},
				"east": {"uv": [0, 0, 15, 1], "texture": "#0"},
				"south": {"uv": [0, 0, 15, 1], "texture": "#0"},
				"west": {"uv": [0, 0, 15, 1], "texture": "#0"},
				"up": {"uv": [0, 0, 15, 1], "texture": "#0"},
				"down": {"uv": [0, 0, 15, 1], "texture": "#0"}
			}
		},
		{
			"from": [1, 4, 7.5],
			"to": [14, 11, 8],
			"faces": {
				"north": {"uv": [0, 0, 13, 7], "texture": "#2"},
				"east": {"uv": [0, 0, 13, 7], "texture": "#2"},
				"south": {"uv": [0, 0, 13, 7], "texture": "#0"},
				"west": {"uv": [0, 0, 13, 7], "texture": "#2"},
				"up": {"uv": [0, 0, 13, 7], "texture": "#2"},
				"down": {"uv": [0, 0, 13, 7], "texture": "#2"}
			}
		},
		{
			"from": [14, 4, 7],
			"to": [15, 11, 8],
			"faces": {
				"north": {"uv": [0, 0, 1, 7], "texture": "#0"},
				"east": {"uv": [0, 0, 1, 7], "texture": "#0"},
				"south": {"uv": [0, 0, 1, 7], "texture": "#0"},
				"west": {"uv": [0, 0, 1, 7], "texture": "#0"},
				"up": {"uv": [0, 0, 1, 7], "texture": "#0"},
				"down": {"uv": [0, 0, 1, 7], "texture": "#0"}
			}
		},
		{
			"from": [0, 11, 7],
			"to": [15, 12, 8],
			"faces": {
				"north": {"uv": [0, 0, 15, 1], "texture": "#0"},
				"east": {"uv": [0, 0, 15, 1], "texture": "#0"},
				"south": {"uv": [0, 0, 15, 1], "texture": "#0"},
				"west": {"uv": [0, 0, 15, 1], "texture": "#0"},
				"up": {"uv": [0, 0, 15, 1], "texture": "#0"},
				"down": {"uv": [0, 0, 15, 1], "texture": "#0"}
			}
		},
		{
			"from": [0, 4, 7],
			"to": [1, 11, 8],
			"faces": {
				"north": {"uv": [0, 0, 1, 7], "texture": "#0"},
				"east": {"uv": [0, 0, 1, 7], "texture": "#0"},
				"south": {"uv": [0, 0, 1, 7], "texture": "#0"},
				"west": {"uv": [0, 0, 1, 7], "texture": "#0"},
				"up": {"uv": [0, 0, 1, 7], "texture": "#0"},
				"down": {"uv": [0, 0, 1, 7], "texture": "#0"}
			}
		}
	]
}