{
    "providers": [
        {
            "type": "ttf",
            "file": "lem.base:negative_spaces.ttf",
            "shift": [0.0, 0.0],
            "size": 10.0,
            "oversample": 1.0
        },
        {
            "type": "bitmap",
            "file": "lem.battle:hunger/disabled.png",
            "ascent": -25,
            "height": 11,
            "chars": [
                "1"
            ]
        },
        {
            "type": "bitmap",
            "file": "lem.battle:hunger/full.png",
            "ascent": -25,
            "height": 11,
            "chars": [
                "2"
            ]
        },
        {
            "type": "bitmap",
            "file": "lem.battle:hunger/half.png",
            "ascent": -25,
            "height": 11,
            "chars": [
                "3"
            ]
        },
        {
            "type": "bitmap",
            "file": "lem.battle:hunger/empty.png",
            "ascent": -25,
            "height": 11,
            "chars": [
                "4"
            ]
        }
    ]
}
