{
    "providers": [
        {
            "type": "ttf",
            "file": "lem.base:negative_spaces.ttf",
            "shift": [0.0, 0.0],
            "size": 10.0,
            "oversample": 1.0
        },
        {
            "type": "bitmap",
            "file": "lem.battle:chest/refill1.png",
            "ascent": 64,
            "height": 64,
            "chars": [
                "1"
            ]
        },
        {
            "type": "bitmap",
            "file": "lem.battle:chest/refill2.png",
            "ascent": 64,
            "height": 64,
            "chars": [
                "2"
            ]
        },
        {
            "type": "bitmap",
            "file": "lem.battle:chest/refill3.png",
            "ascent": 64,
            "height": 64,
            "chars": [
                "3"
            ]
        }
    ]
}
