{
    "providers": [
        {
            "type": "ttf",
            "file": "4jbattle:negative_spaces.ttf",
            "shift": [0.0, 0.0],
            "size": 10.0,
            "oversample": 1.0
        },
        {
            "type": "bitmap",
            "file": "4jbattle:armorbar/empty/feet.png",
            "ascent": -15,
            "height": 15,
            "chars": [
                "0"
            ]
        },
        {
            "type": "bitmap",
            "file": "4jbattle:armorbar/leather/feet.png",
            "ascent": -15,
            "height": 15,
            "chars": [
                "1"
            ]
        },
        {
            "type": "bitmap",
            "file": "4jbattle:armorbar/gold/feet.png",
            "ascent": -15,
            "height": 15,
            "chars": [
                "2"
            ]
        },
        {
            "type": "bitmap",
            "file": "4jbattle:armorbar/chain/feet.png",
            "ascent": -15,
            "height": 15,
            "chars": [
                "3"
            ]
        },
        {
            "type": "bitmap",
            "file": "4jbattle:armorbar/iron/feet.png",
            "ascent": -15,
            "height": 15,
            "chars": [
                "4"
            ]
        },
        {
            "type": "bitmap",
            "file": "4jbattle:armorbar/diamond/feet.png",
            "ascent": -15,
            "height": 15,
            "chars": [
                "5"
            ]
        },
        {
            "type": "bitmap",
            "file": "4jbattle:armorbar/netherite/feet.png",
            "ascent": -15,
            "height": 15,
            "chars": [
                "6"
            ]
        }
    ]
}
