{
  "parent": "minecraft:item/generated",
  "textures": {
    "layer0": "minecraft:item/ghast_tear"
  },

  "overrides": [
    {"predicate": {"custom_model_data":1}, "model": "item/lem.base/empty"},
    {"predicate": {"custom_model_data":1000}, "model": "item/lem.menu/theme/vanilla/button/standard"},
    {"predicate": {"custom_model_data":1001}, "model": "item/lem.menu/theme/vanilla/button/single"},
    {"predicate": {"custom_model_data":1002}, "model": "item/lem.menu/theme/vanilla/button/icon/leavegame"},
    {"predicate": {"custom_model_data":1003}, "model": "item/lem.menu/theme/vanilla/button/standard_battle"},
    {"predicate": {"custom_model_data":1004}, "model": "item/lem.menu/theme/vanilla/button/standard_tumble"},
    {"predicate": {"custom_model_data":1005}, "model": "item/lem.menu/theme/vanilla/button/standard_glide"},
    {"predicate": {"custom_model_data":1006}, "model": "item/lem.menu/theme/vanilla/button/standard_dark"},
    {"predicate": {"custom_model_data":1007}, "model": "item/lem.menu/theme/vanilla/button/icon/leavegame_example"},
    {"predicate": {"custom_model_data":1008}, "model": "item/lem.menu/theme/vanilla/button/tick_enabled"},
    {"predicate": {"custom_model_data":1009}, "model": "item/lem.menu/theme/vanilla/button/tick_disabled"},
    {"predicate": {"custom_model_data":1010}, "model": "item/lem.menu/theme/vanilla/button/tick_broken"},
    {"predicate": {"custom_model_data":1011}, "model": "item/lem.menu/theme/vanilla/button/slider_background"},
    {"predicate": {"custom_model_data":1012}, "model": "item/lem.menu/theme/vanilla/button/slider/1"},
    {"predicate": {"custom_model_data":1013}, "model": "item/lem.menu/theme/vanilla/button/slider/2"},
    {"predicate": {"custom_model_data":1014}, "model": "item/lem.menu/theme/vanilla/button/slider/3"},
    {"predicate": {"custom_model_data":1015}, "model": "item/lem.menu/theme/vanilla/button/slider/4"},
    {"predicate": {"custom_model_data":1016}, "model": "item/lem.menu/theme/vanilla/button/slider/5"},
    {"predicate": {"custom_model_data":1017}, "model": "item/lem.menu/theme/vanilla/button/slider/6"},
    {"predicate": {"custom_model_data":1018}, "model": "item/lem.menu/theme/vanilla/button/slider/7"},
    {"predicate": {"custom_model_data":1019}, "model": "item/lem.menu/theme/vanilla/button/slider/8"},
    {"predicate": {"custom_model_data":1020}, "model": "item/lem.menu/theme/vanilla/button/slider/9"},
    {"predicate": {"custom_model_data":1021}, "model": "item/lem.menu/theme/vanilla/button/slider_broken"},
    {"predicate": {"custom_model_data":1022}, "model": "item/lem.menu/theme/vanilla/error"},
    {"predicate": {"custom_model_data":1023}, "model": "item/lem.menu/theme/vanilla/button/slider/0.5"},
    {"predicate": {"custom_model_data":1024}, "model": "item/lem.menu/theme/vanilla/button/slider/1.5"},
    {"predicate": {"custom_model_data":1025}, "model": "item/lem.menu/theme/vanilla/button/slider/2.5"},
    {"predicate": {"custom_model_data":1026}, "model": "item/lem.menu/theme/vanilla/button/slider/3.5"},
    {"predicate": {"custom_model_data":1027}, "model": "item/lem.menu/theme/vanilla/button/slider/4.5"},
    {"predicate": {"custom_model_data":1028}, "model": "item/lem.menu/theme/vanilla/button/slider/5.5"},
    {"predicate": {"custom_model_data":1029}, "model": "item/lem.menu/theme/vanilla/button/slider/6.5"},
    {"predicate": {"custom_model_data":1030}, "model": "item/lem.menu/theme/vanilla/button/slider/7.5"},
    {"predicate": {"custom_model_data":1031}, "model": "item/lem.menu/theme/vanilla/button/slider/8.5"},
    {"predicate": {"custom_model_data":1032}, "model": "item/lem.menu/theme/vanilla/button/slider/9.5"}
  ]
}
