{
  "parent": "minecraft:item/generated",
  "textures": {
    "layer0": "minecraft:item/leather_horse_armor"
  },

  "overrides": [
    {"predicate": {"custom_model_data":1022}, "model": "item/lem.menu/theme/vanilla/error"},
    {"predicate": {"custom_model_data":10000}, "model": "item/lem.menu/text/en_us/button/ok"},
    {"predicate": {"custom_model_data":10001}, "model": "item/lem.menu/text/en_us/button/battle"},
    {"predicate": {"custom_model_data":10002}, "model": "item/lem.menu/text/en_us/button/tumble"},
    {"predicate": {"custom_model_data":10003}, "model": "item/lem.menu/text/en_us/button/glide"},
    {"predicate": {"custom_model_data":10004}, "model": "item/lem.menu/text/en_us/button/server_1"},
    {"predicate": {"custom_model_data":10005}, "model": "item/lem.menu/text/en_us/button/server_2"},
    {"predicate": {"custom_model_data":10006}, "model": "item/lem.menu/text/en_us/button/server_3"},
    {"predicate": {"custom_model_data":10007}, "model": "item/lem.menu/text/en_us/button/server_experimental"},
    {"predicate": {"custom_model_data":10008}, "model": "item/lem.menu/text/en_us/button/server_germany"},
    {"predicate": {"custom_model_data":10009}, "model": "item/lem.menu/text/en_us/button/go_back"},
    {"predicate": {"custom_model_data":10010}, "model": "item/lem.menu/text/en_us/button/play_mini_games"},
    {"predicate": {"custom_model_data":10011}, "model": "item/lem.menu/text/en_us/button/help_and_options"},
    {"predicate": {"custom_model_data":10012}, "model": "item/lem.menu/text/en_us/button/exit_server"},
    {"predicate": {"custom_model_data":10013}, "model": "item/lem.menu/text/en_us/button/cancel"},
    {"predicate": {"custom_model_data":10014}, "model": "item/lem.menu/text/en_us/button/how_to_play"},
    {"predicate": {"custom_model_data":10015}, "model": "item/lem.menu/text/en_us/button/controls"},
    {"predicate": {"custom_model_data":10016}, "model": "item/lem.menu/text/en_us/button/settings"},
    {"predicate": {"custom_model_data":10017}, "model": "item/lem.menu/text/en_us/button/credits"},
    {"predicate": {"custom_model_data":10018}, "model": "item/lem.menu/text/en_us/button/panorama_settings"},
    {"predicate": {"custom_model_data":10019}, "model": "item/lem.menu/text/en_us/button/pack_settings"},
    {"predicate": {"custom_model_data":10020}, "model": "item/lem.menu/text/en_us/button/debug"},
    {"predicate": {"custom_model_data":10021}, "model": "item/lem.menu/text/en_us/button/force_exit_menu"},
    {"predicate": {"custom_model_data":10022}, "model": "item/lem.menu/text/en_us/button/reload_datapack"},
    {"predicate": {"custom_model_data":10023}, "model": "item/lem.menu/text/en_us/button/reload_resources"},
    {"predicate": {"custom_model_data":10024}, "model": "item/lem.menu/text/en_us/button/ui_settings"},
    {"predicate": {"custom_model_data":10025}, "model": "item/lem.menu/text/en_us/button/optifine_pack"},
    {"predicate": {"custom_model_data":10026}, "model": "item/lem.menu/text/en_us/button/optifine_is_not_installed"},
    {"predicate": {"custom_model_data":10027}, "model": "item/lem.menu/text/en_us/button/optifine_is_installed"},
    {"predicate": {"custom_model_data":10028}, "model": "item/lem.menu/text/en_us/button/scale_settings"},
    {"predicate": {"custom_model_data":10029}, "model": "item/lem.menu/text/en_us/button/user_settings"},
    {"predicate": {"custom_model_data":10031}, "model": "item/lem.menu/text/en_us/button/ui_scale"},
    {"predicate": {"custom_model_data":10032}, "model": "item/lem.menu/text/en_us/button/panorama_1"},
    {"predicate": {"custom_model_data":10033}, "model": "item/lem.menu/text/en_us/button/panorama_2"},
    {"predicate": {"custom_model_data":10034}, "model": "item/lem.menu/text/en_us/button/panorama_3"},
    {"predicate": {"custom_model_data":10035}, "model": "item/lem.menu/text/en_us/button/panorama_4"},
    {"predicate": {"custom_model_data":10036}, "model": "item/lem.menu/text/en_us/button/done"},
    {"predicate": {"custom_model_data":10037}, "model": "item/lem.menu/text/en_us/button/select_background"},
    {"predicate": {"custom_model_data":10039}, "model": "item/lem.menu/text/en_us/button/next_page"},
    {"predicate": {"custom_model_data":10040}, "model": "item/lem.menu/text/en_us/button/tu1"},
    {"predicate": {"custom_model_data":10041}, "model": "item/lem.menu/text/en_us/button/tu5"},
    {"predicate": {"custom_model_data":10042}, "model": "item/lem.menu/text/en_us/button/tu9"},
    {"predicate": {"custom_model_data":10043}, "model": "item/lem.menu/text/en_us/button/tu14"},
    {"predicate": {"custom_model_data":10044}, "model": "item/lem.menu/text/en_us/button/tu19"},
    {"predicate": {"custom_model_data":10045}, "model": "item/lem.menu/text/en_us/button/tu31"},
    {"predicate": {"custom_model_data":10046}, "model": "item/lem.menu/text/en_us/button/tu46"},
    {"predicate": {"custom_model_data":10047}, "model": "item/lem.menu/text/en_us/button/tu69"},
    {"predicate": {"custom_model_data":10048}, "model": "item/lem.menu/text/en_us/button/reload_music"},
    {"predicate": {"custom_model_data":10049}, "model": "item/lem.menu/text/en_us/button/continue"},
    {"predicate": {"custom_model_data":10050}, "model": "item/lem.menu/text/en_us/button/server_main"},
    {"predicate": {"custom_model_data":10051}, "model": "item/lem.menu/text/en_us/button/server_main_alternate"},
    {"predicate": {"custom_model_data":10052}, "model": "item/lem.menu/text/en_us/button/ui_test"},
    {"predicate": {"custom_model_data":10053}, "model": "item/lem.menu/text/en_us/tick/tickbox"},
    {"predicate": {"custom_model_data":10054}, "model": "item/lem.menu/text/en_us/button/slider_1"},
    {"predicate": {"custom_model_data":10055}, "model": "item/lem.menu/text/en_us/button/slider_2"},
    {"predicate": {"custom_model_data":10056}, "model": "item/lem.menu/text/en_us/button/slider_3"},
    {"predicate": {"custom_model_data":10057}, "model": "item/lem.menu/text/en_us/button/slider_4"},
    {"predicate": {"custom_model_data":10058}, "model": "item/lem.menu/text/en_us/button/slider_5"},
    {"predicate": {"custom_model_data":10059}, "model": "item/lem.menu/text/en_us/button/slider_6"},
    {"predicate": {"custom_model_data":10060}, "model": "item/lem.menu/text/en_us/button/slider_7"},
    {"predicate": {"custom_model_data":10061}, "model": "item/lem.menu/text/en_us/button/slider_8"},
    {"predicate": {"custom_model_data":10062}, "model": "item/lem.menu/text/en_us/button/slider_9"},
    {"predicate": {"custom_model_data":10063}, "model": "item/lem.menu/text/en_us/button/config_options"},
    {"predicate": {"custom_model_data":10064}, "model": "item/lem.menu/text/en_us/tick/custom_pack"},
    {"predicate": {"custom_model_data":10065}, "model": "item/lem.menu/text/en_us/tick/always_night"}
  ]
}
