{
    "providers": [
        {
            "type": "ttf",
            "file": "lem.base:negative_spaces.ttf",
            "shift": [0.0, 0.0],
            "size": 10.0,
            "oversample": 1.0
        },
	    {
            "type": "bitmap",
            "file": "minecraft:lem.battle/logo/part1.png",
            "ascent": 28,
            "height": 43,
            "chars": ["\uE782"]
        },
        {
            "type": "bitmap",
            "file": "minecraft:lem.battle/logo/part2.png",
            "ascent": 28,
            "height": 43,
            "chars": ["\uE783"]
        },
        {
            "type": "bitmap",
            "file": "minecraft:lem.battle/logo/part3.png",
            "ascent": 28,
            "height": 43,
            "chars": ["\uE784"]
        },
        {
            "type": "bitmap",
            "file": "minecraft:lem.battle/logo/part4.png",
            "ascent": 28,
            "height": 43,
            "chars": ["\uE785"]
        }
    ]
}
