{"providers":[{"type":"ttf","file":"lem.base:negative_spaces.ttf","shift":[0.0,0.0],"size":10.0,"oversample":1.0},{"type":"bitmap","file":"lem.base:empty.png","ascent":0,"height":0,"chars":["0"]},{"type":"bitmap","file":"lem.battle:loading/tips/1/part1.png","ascent":47,"height":55,"chars":["1"]},{"type":"bitmap","file":"lem.battle:loading/tips/1/part2.png","ascent":47,"height":55,"chars":["2"]},{"type":"bitmap","file":"lem.battle:loading/tips/1/part3.png","ascent":47,"height":55,"chars":["3"]},{"type":"bitmap","file":"lem.battle:loading/tips/1/part4.png","ascent":47,"height":55,"chars":["4"]}]}