{
    "providers": [
        {
            "type": "ttf",
            "file": "lem.menu:negative_spaces.ttf",
            "shift": [0.0, 0.0],
            "size": 10.0,
            "oversample": 1.0
        },
        {
            "type": "bitmap",
            "file": "lem.menu:menu/font/theme/vanilla/tab/enabled/1.png",
            "ascent": 1,
            "height": 165,
            "chars": [
                "1"
            ]
        },
        {
            "type": "bitmap",
            "file": "lem.menu:menu/font/theme/vanilla/tab/disabled/1.png",
            "ascent": 1,
            "height": 165,
            "chars": [
                "2"
            ]
        }
    ]
}
