{
  "parent": "minecraft:item/generated",
  "textures": {
    "layer0": "minecraft:item/leather_horse_armor"
  },

  "overrides": [
    {"predicate": {"custom_model_data":1}, "model": "lem.base:empty"},
    {"predicate": {"custom_model_data":1022}, "model": "lem.menu:menu/theme/vanilla/error"},
    {"predicate": {"custom_model_data":10000}, "model": "lem.menu:menu/text/en_us/button/full/ok"},
    {"predicate": {"custom_model_data":10001}, "model": "lem.menu:menu/text/en_us/button/full/battle"},
    {"predicate": {"custom_model_data":10002}, "model": "lem.menu:menu/text/en_us/button/full/tumble"},
    {"predicate": {"custom_model_data":10003}, "model": "lem.menu:menu/text/en_us/button/full/glide"},
    {"predicate": {"custom_model_data":10004}, "model": "lem.menu:menu/text/en_us/button/full/server_1"},
    {"predicate": {"custom_model_data":10005}, "model": "lem.menu:menu/text/en_us/button/full/server_2"},
    {"predicate": {"custom_model_data":10006}, "model": "lem.menu:menu/text/en_us/button/full/server_3"},
    {"predicate": {"custom_model_data":10007}, "model": "lem.menu:menu/text/en_us/button/full/server_experimental"},
    {"predicate": {"custom_model_data":10008}, "model": "lem.menu:menu/text/en_us/button/full/server_germany"},
    {"predicate": {"custom_model_data":10009}, "model": "lem.menu:menu/text/en_us/button/full/go_back"},
    {"predicate": {"custom_model_data":10010}, "model": "lem.menu:menu/text/en_us/button/full/play_mini_games"},
    {"predicate": {"custom_model_data":10011}, "model": "lem.menu:menu/text/en_us/button/full/help_and_options"},
    {"predicate": {"custom_model_data":10012}, "model": "lem.menu:menu/text/en_us/button/full/exit_server"},
    {"predicate": {"custom_model_data":10013}, "model": "lem.menu:menu/text/en_us/button/full/cancel"},
    {"predicate": {"custom_model_data":10014}, "model": "lem.menu:menu/text/en_us/button/full/how_to_play"},
    {"predicate": {"custom_model_data":10015}, "model": "lem.menu:menu/text/en_us/button/full/controls"},
    {"predicate": {"custom_model_data":10016}, "model": "lem.menu:menu/text/en_us/button/full/settings"},
    {"predicate": {"custom_model_data":10017}, "model": "lem.menu:menu/text/en_us/button/full/credits"},
    {"predicate": {"custom_model_data":10018}, "model": "lem.menu:menu/text/en_us/button/full/panorama_settings"},
    {"predicate": {"custom_model_data":10019}, "model": "lem.menu:menu/text/en_us/button/full/pack_settings"},
    {"predicate": {"custom_model_data":10020}, "model": "lem.menu:menu/text/en_us/button/full/debug"},
    {"predicate": {"custom_model_data":10021}, "model": "lem.menu:menu/text/en_us/button/full/force_exit_menu"},
    {"predicate": {"custom_model_data":10022}, "model": "lem.menu:menu/text/en_us/button/full/reload_datapack"},
    {"predicate": {"custom_model_data":10023}, "model": "lem.menu:menu/text/en_us/button/full/reload_resources"},
    {"predicate": {"custom_model_data":10024}, "model": "lem.menu:menu/text/en_us/button/full/ui_settings"},
    {"predicate": {"custom_model_data":10025}, "model": "lem.menu:menu/text/en_us/button/full/optifine_pack"},
    {"predicate": {"custom_model_data":10026}, "model": "lem.menu:menu/text/en_us/button/full/optifine_is_not_installed"},
    {"predicate": {"custom_model_data":10027}, "model": "lem.menu:menu/text/en_us/button/full/optifine_is_installed"},
    {"predicate": {"custom_model_data":10028}, "model": "lem.menu:menu/text/en_us/button/full/scale_settings"},
    {"predicate": {"custom_model_data":10029}, "model": "lem.menu:menu/text/en_us/button/full/user_settings"},
    {"predicate": {"custom_model_data":10032}, "model": "lem.menu:menu/text/en_us/button/full/panorama_1"},
    {"predicate": {"custom_model_data":10033}, "model": "lem.menu:menu/text/en_us/button/full/panorama_2"},
    {"predicate": {"custom_model_data":10034}, "model": "lem.menu:menu/text/en_us/button/full/panorama_3"},
    {"predicate": {"custom_model_data":10035}, "model": "lem.menu:menu/text/en_us/button/full/panorama_4"},
    {"predicate": {"custom_model_data":10036}, "model": "lem.menu:menu/text/en_us/button/full/done"},
    {"predicate": {"custom_model_data":10039}, "model": "lem.menu:menu/text/en_us/button/full/next_page"},
    {"predicate": {"custom_model_data":10040}, "model": "lem.menu:menu/text/en_us/button/full/background_tu1"},
    {"predicate": {"custom_model_data":10041}, "model": "lem.menu:menu/text/en_us/button/full/background_tu5"},
    {"predicate": {"custom_model_data":10042}, "model": "lem.menu:menu/text/en_us/button/full/background_tu9"},
    {"predicate": {"custom_model_data":10043}, "model": "lem.menu:menu/text/en_us/button/full/background_tu14"},
    {"predicate": {"custom_model_data":10044}, "model": "lem.menu:menu/text/en_us/button/full/background_tu19"},
    {"predicate": {"custom_model_data":10045}, "model": "lem.menu:menu/text/en_us/button/full/background_tu31"},
    {"predicate": {"custom_model_data":10046}, "model": "lem.menu:menu/text/en_us/button/full/background_tu46"},
    {"predicate": {"custom_model_data":10047}, "model": "lem.menu:menu/text/en_us/button/full/background_tu69"},
    {"predicate": {"custom_model_data":10048}, "model": "lem.menu:menu/text/en_us/button/full/reload_music"},
    {"predicate": {"custom_model_data":10049}, "model": "lem.menu:menu/text/en_us/button/full/continue"},
    {"predicate": {"custom_model_data":10050}, "model": "lem.menu:menu/text/en_us/button/full/server_main"},
    {"predicate": {"custom_model_data":10051}, "model": "lem.menu:menu/text/en_us/button/full/server_main_alternate"},
    {"predicate": {"custom_model_data":10052}, "model": "lem.menu:menu/text/en_us/button/full/ui_test"},
    {"predicate": {"custom_model_data":10053}, "model": "lem.menu:menu/text/en_us/tick/tickbox"},
    {"predicate": {"custom_model_data":10054}, "model": "lem.menu:menu/text/en_us/button/full/slider_1"},
    {"predicate": {"custom_model_data":10055}, "model": "lem.menu:menu/text/en_us/button/full/slider_2"},
    {"predicate": {"custom_model_data":10056}, "model": "lem.menu:menu/text/en_us/button/full/slider_3"},
    {"predicate": {"custom_model_data":10057}, "model": "lem.menu:menu/text/en_us/button/full/slider_4"},
    {"predicate": {"custom_model_data":10058}, "model": "lem.menu:menu/text/en_us/button/full/slider_5"},
    {"predicate": {"custom_model_data":10059}, "model": "lem.menu:menu/text/en_us/button/full/slider_6"},
    {"predicate": {"custom_model_data":10060}, "model": "lem.menu:menu/text/en_us/button/full/slider_7"},
    {"predicate": {"custom_model_data":10061}, "model": "lem.menu:menu/text/en_us/button/full/slider_8"},
    {"predicate": {"custom_model_data":10062}, "model": "lem.menu:menu/text/en_us/button/full/slider_9"},
    {"predicate": {"custom_model_data":10063}, "model": "lem.menu:menu/text/en_us/button/full/config_options"},
    {"predicate": {"custom_model_data":10064}, "model": "lem.menu:menu/text/en_us/tick/custom_pack"},
    {"predicate": {"custom_model_data":10065}, "model": "lem.menu:menu/text/en_us/tick/always_night"},
    {"predicate": {"custom_model_data":10066}, "model": "lem.menu:menu/text/en_us/button/full/gui_1"},
    {"predicate": {"custom_model_data":10067}, "model": "lem.menu:menu/text/en_us/button/full/gui_2"},
    {"predicate": {"custom_model_data":10068}, "model": "lem.menu:menu/text/en_us/button/full/gui_3"},
    {"predicate": {"custom_model_data":10069}, "model": "lem.menu:menu/text/en_us/button/full/gui_4"},
    {"predicate": {"custom_model_data":10070}, "model": "lem.menu:menu/text/en_us/button/full/do_not_cheat"},
    {"predicate": {"custom_model_data":10071}, "model": "lem.menu:menu/text/en_us/button/full/do_not_pretend_to_cheat"},
    {"predicate": {"custom_model_data":10072}, "model": "lem.menu:menu/text/en_us/button/full/do_not_abuse_exploits"},
    {"predicate": {"custom_model_data":10073}, "model": "lem.menu:menu/text/en_us/button/full/do_not_use_inappropriate_skins"},
    {"predicate": {"custom_model_data":10074}, "model": "lem.menu:menu/text/en_us/button/full/do_not_ban_evade"},
    {"predicate": {"custom_model_data":10075}, "model": "lem.menu:menu/text/en_us/button/full/be_civil"},
    {"predicate": {"custom_model_data":10076}, "model": "lem.menu:menu/text/en_us/button/full/do_not_discuss_politics"},
    {"predicate": {"custom_model_data":10077}, "model": "lem.menu:menu/text/en_us/button/full/do_not_dox_people"},
    {"predicate": {"custom_model_data":10078}, "model": "lem.menu:menu/text/en_us/button/full/do_not_harass_other_members"},
    {"predicate": {"custom_model_data":10079}, "model": "lem.menu:menu/text/en_us/button/full/do_not_post_nsfw_content"},
    {"predicate": {"custom_model_data":10080}, "model": "lem.menu:menu/text/en_us/button/full/do_not_spam"},
    {"predicate": {"custom_model_data":10081}, "model": "lem.menu:menu/text/en_us/button/full/do_not_use_slurs"},
    {"predicate": {"custom_model_data":10082}, "model": "lem.menu:menu/text/en_us/button/full/fascism_is_not_tolerated"},
    {"predicate": {"custom_model_data":10083}, "model": "lem.menu:menu/text/en_us/button/full/keep_arguments_peaceful"},
    {"predicate": {"custom_model_data":10084}, "model": "lem.menu:menu/text/en_us/button/full/raids_are_not_tolerated"},
    {"predicate": {"custom_model_data":10085}, "model": "lem.menu:menu/text/en_us/button/full/use_common_sense"},
    {"predicate": {"custom_model_data":10086}, "model": "lem.menu:menu/text/en_us/tick/i_read_and_agree_to_the_rules"},
    {"predicate": {"custom_model_data":10087}, "model": "lem.menu:menu/text/en_us/button/half/left/debug"},
    {"predicate": {"custom_model_data":10088}, "model": "lem.menu:menu/text/en_us/button/half/right/debug"},
    {"predicate": {"custom_model_data":10089}, "model": "lem.menu:menu/text/en_us/button/half/left/left"},
    {"predicate": {"custom_model_data":10090}, "model": "lem.menu:menu/text/en_us/button/half/right/left"},
    {"predicate": {"custom_model_data":10091}, "model": "lem.menu:menu/text/en_us/button/half/left/right"},
    {"predicate": {"custom_model_data":10092}, "model": "lem.menu:menu/text/en_us/button/half/right/right"},
    {"predicate": {"custom_model_data":10093}, "model": "lem.menu:menu/text/en_us/button/full/late_christmas_event"},
    {"predicate": {"custom_model_data":10094}, "model": "lem.menu:menu/text/en_us/button/full/more_information"},
    {"predicate": {"custom_model_data":10095}, "model": "lem.menu:menu/text/en_us/button/full/achievements"},
    {"predicate": {"custom_model_data":10096}, "model": "lem.menu:menu/text/en_us/tick/texture_pack_swapping"},
    {"predicate": {"custom_model_data":10097}, "model": "lem.menu:menu/text/en_us/tick/twitch_youtube_safe_music"},
    {"predicate": {"custom_model_data":10098}, "model": "lem.menu:menu/text/en_us/button/full/stable"},
    {"predicate": {"custom_model_data":10099}, "model": "lem.menu:menu/text/en_us/button/full/experimental"},
    {"predicate": {"custom_model_data":10100}, "model": "lem.menu:menu/text/en_us/button/full/server_4"},
    {"predicate": {"custom_model_data":10101}, "model": "lem.menu:menu/text/en_us/button/full/server_experimental_1"},
    {"predicate": {"custom_model_data":10102}, "model": "lem.menu:menu/text/en_us/button/full/server_experimental_2"},
    {"predicate": {"custom_model_data":10103}, "model": "lem.menu:menu/text/en_us/button/full/server_europe"}
  ]
}
