{
    "providers": [
        {
            "type": "ttf",
            "file": "lem.menu:negative_spaces.ttf",
            "shift": [0.0, 0.0],
            "size": 10.0,
            "oversample": 1.0
        },
        {
            "type": "bitmap",
            "file": "lem.menu:menu/font/theme/vanilla/window/box.png",
            "ascent": 13,
            "height": 165,
            "chars": [
                "1"
            ]
        },
        {
            "type": "bitmap",
            "file": "lem.menu:menu/font/theme/vanilla/window/box.png",
            "ascent": -15,
            "height": 165,
            "chars": [
                "2"
            ]
        },
        {
            "type": "bitmap",
            "file": "lem.menu:menu/font/theme/vanilla/window/box_smooth.png",
            "ascent": 13,
            "height": 165,
            "chars": [
                "3"
            ]
        }
    ]
}
